,id,danceability,energy,key,loudness,mode,speechiness,acousticness,instrumentalness,liveness,valence,tempo,duration_ms,time_signature
0,6uDBSDI9pDM7C4Gm0hc2hI,0.756,0.211,5.0,-17.646,1.0,0.409,0.784,8.65e-06,0.11,0.307,81.253,87707.0,4.0
1,0BRbI3ZMPXuj9yA7ChDGOW,0.804,0.803,1.0,-4.673,1.0,0.346,0.409,0.786,0.119,0.339,125.0,141374.0,4.0
2,1ts8KebAIm5xCiGInoWiqp,0.925,0.558,2.0,-5.362,1.0,0.0513,0.178,0.0,0.125,0.467,119.992,153297.0,4.0
3,1FqLXcLdKdXBGh9mY9wLu4,0.631,0.714,5.0,-10.218,0.0,0.186,0.613,0.0,0.185,0.601,160.509,131944.0,4.0
4,776AftMmFFAWUIEAb3lHhw,0.625,0.939,4.0,-3.115,0.0,0.0669,0.00138,0.0,0.424,0.644,102.999,194787.0,4.0
5,3nY8AqaMNNHHLYV4380ol0,0.647,0.608,9.0,-6.831,1.0,0.42,0.13,0.0,0.0584,0.474,125.994,175238.0,4.0
6,4eOymg22XI5PrPr7BkPQiW,0.703,0.0828,7.0,-14.178,1.0,0.139,0.825,1.24e-05,0.13,0.57,125.879,158853.0,4.0
7,7K9Z3yFNNLv5kwTjQYGjnu,0.691,0.814,1.0,-3.788,0.0,0.117,0.0164,0.0,0.366,0.509,132.012,145611.0,4.0
8,6uvMKqNlrSvcC4NaKnrwjZ,0.883,0.674,11.0,-8.043,0.0,0.357,0.21,0.0,0.0678,0.73,141.02,278085.0,4.0
9,59IqCFx50pTdpyWa8mL7fh,0.828,0.616,1.0,-8.498,1.0,0.14,0.227,0.00304,0.0618,0.812,125.594,98544.0,4.0
10,1QL7nSDZCwZMnbisV4KOXt,0.39,0.83,11.0,-5.201,0.0,0.0563,0.0021,0.0,0.156,0.191,90.021,168030.0,4.0
11,5jc4Qcs98R4ZDku8ictuE3,0.888,0.408,8.0,-10.162,0.0,0.487,0.164,0.0,0.0912,0.742,77.029,176160.0,4.0
12,3xxmjMvJsSR3L7mUOxP9QA,0.569,0.692,9.0,-4.683,1.0,0.0323,0.0167,3.78e-05,0.126,0.737,141.632,192213.0,4.0
13,6HU7h9RYOaPRFeh0R3UeAr,0.442,0.612,2.0,-7.222,1.0,0.112,0.584,5.7e-06,0.37,0.178,180.917,215507.0,4.0
14,5BXr7hYZQOeRttkeWYTq5S,0.764,0.802,0.0,-4.217,1.0,0.0351,0.102,0.0,0.189,0.323,132.02,194080.0,4.0
15,2L95U6syP0bV3fkYYOzmiW,0.922,0.927,11.0,-3.025,1.0,0.105,0.283,0.00331,0.719,0.796,129.978,219000.0,4.0
16,5V2p1V1ZaCJPjpcN2Nf5h2,0.765,0.719,9.0,-4.982,1.0,0.299,0.0132,0.0,0.116,0.782,84.997,192000.0,4.0
17,7xT1n5JKpB0bMPh6FL589e,0.894,0.709,3.0,-7.478,0.0,0.118,0.00914,0.0,0.101,0.462,93.048,201597.0,4.0
18,4TIqzdAssasqx3DAe6cG9J,0.597,0.571,1.0,-6.205,0.0,0.293,0.492,0.0,0.093,0.165,106.196,218448.0,3.0
19,0b18g3G5spr4ZCkz7Y6Q0Q,0.758,0.913,6.0,-2.926,0.0,0.113,0.00364,6.92e-05,0.193,0.658,128.04,186210.0,4.0
20,6GKGoi0FHzldk1ZRQoV1fv,0.68,0.895,2.0,-7.144,1.0,0.0378,0.0156,0.000374,0.145,0.824,93.037,189375.0,4.0
21,5yorXJWdBan1Vlh116ZtQ7,0.897,0.371,1.0,-5.019,1.0,0.368,0.0904,0.0,0.325,0.441,81.008,156005.0,4.0
22,4WaaWczlVb1UJ24LILsR4C,0.431,0.727,2.0,-5.996,1.0,0.138,0.389,0.0,0.393,0.482,140.01,154749.0,4.0
23,748mdHapucXQri7IAO8yFK,0.762,0.701,8.0,-3.541,1.0,0.0286,0.235,0.000158,0.123,0.742,110.968,208867.0,4.0
24,6KUNUUH9IR3RBoBSWvNqfW,0.936,0.251,1.0,-15.98,1.0,0.494,0.287,0.0,0.122,0.671,140.935,164075.0,4.0
25,07MDkzWARZaLEdKxo6yArG,0.773,0.47,2.0,-7.93,1.0,0.0299,0.0153,0.000193,0.0851,0.399,94.995,162680.0,4.0
26,6YNdQ5utvFnK4CTAnBga06,0.561,0.519,2.0,-8.467,1.0,0.0395,0.223,0.0,0.156,0.2,119.882,171000.0,4.0
27,2MnLkFqY9Rpg9s3Zv6ZJdK,0.727,0.546,0.0,-4.572,1.0,0.0437,0.656,0.0,0.122,0.69,106.891,197333.0,4.0
28,0UzymivvUH5s8z4PeWZJaK,0.6,0.713,6.0,-5.079,0.0,0.0592,0.0642,0.0,0.142,0.471,72.999,172107.0,4.0
29,6sfukVkSmXspgO6ZGaXiaE,0.528,0.435,9.0,-11.613,1.0,0.0933,0.758,0.0621,0.0885,0.189,124.865,62421.0,4.0
30,7KhJdiu4zbPlhlImRLIyDl,0.813,0.608,7.0,-9.918,1.0,0.169,0.355,8.56e-06,0.0963,0.0512,149.251,145899.0,4.0
31,7EkWXAI1wn8Ii883ecd9xr,0.345,0.941,9.0,-9.918,1.0,0.0466,3.84e-05,0.633,0.0511,0.407,179.626,147062.0,4.0
32,2fujhLR4zhDRPbYDhI0xRr,0.815,0.737,11.0,-6.968,1.0,0.188,0.1,0.0,0.123,0.293,99.95,134187.0,4.0
33,1wcr8DjnN59Awev8nnKpQ4,0.599,0.869,5.0,-5.174,0.0,0.0618,0.000707,0.0,0.0911,0.453,132.889,193260.0,4.0
34,52CBUrIdyf8tbZaUY9iawE,0.634,0.928,1.0,-1.609,1.0,0.0514,0.00719,2.55e-06,0.0626,0.738,164.007,205373.0,4.0
35,4Q1p1yb2ri1t920HOxuwqZ,0.687,0.463,1.0,-6.635,1.0,0.0368,0.039,0.0,0.131,0.289,91.031,198187.0,4.0
36,0zCgWGmDF0aih5qexATyBn,0.579,0.601,8.0,-10.492,1.0,0.0322,0.0673,0.414,0.0778,0.0392,140.019,257147.0,4.0
37,5892YX6q8y3Rs9OysF08kv,0.577,0.788,11.0,-6.737,0.0,0.0977,0.014,2.56e-06,0.123,0.644,172.926,93970.0,4.0
38,4bYLspjdlNAV19Ej8bnwzo,0.658,0.654,7.0,-9.999,0.0,0.034,0.0256,0.00664,0.362,0.286,163.086,116530.0,4.0
39,3kxkjirben9RVm9NqYa6rm,0.477,0.483,4.0,-9.413,0.0,0.0364,0.0027,0.783,0.156,0.123,170.026,248347.0,4.0
40,5O5ExR5u69CclV8lb24WmV,0.579,0.55,0.0,-7.251,0.0,0.0968,0.244,2.39e-05,0.127,0.275,160.04,228507.0,4.0
41,7D7e6hm2LiNd6nLuJF6K9Q,0.845,0.398,5.0,-15.781,1.0,0.268,0.872,0.00713,0.159,0.482,109.996,122222.0,4.0
42,106R0orU4XC4tFbugFfRzT,0.642,0.794,8.0,-7.908,1.0,0.0309,6.98e-05,0.348,0.146,0.785,119.55,277867.0,4.0
43,5T4lERmPqhO2ukZoGJ5sSr,0.843,0.713,0.0,-5.487,1.0,0.0851,0.0276,0.76,0.0961,0.298,123.983,147976.0,4.0
44,0nqhKXDjsyBMvbeWmgijD0,0.582,0.537,0.0,-9.229,1.0,0.619,0.129,0.0,0.0749,0.771,82.103,180930.0,4.0
45,3ke6it1vTmHtz2ApcIVUz5,0.83,0.748,1.0,-5.362,1.0,0.162,0.354,0.0,0.0992,0.523,133.028,177443.0,4.0
46,716eVtciaJCtTcaknS3QXr,0.541,0.41,1.0,-6.816,1.0,0.0411,0.0434,1.81e-06,0.0884,0.298,130.152,164203.0,5.0
47,1toNKayLMeCcVlsLGXJl7n,0.51,0.817,9.0,-8.666,1.0,0.0373,0.000654,0.0344,0.146,0.547,169.481,102007.0,4.0
48,1mAey8kEPmDM2icL56kS9d,0.87,0.561,7.0,-10.388,1.0,0.186,0.0124,0.0,0.103,0.691,100.458,156368.0,4.0
49,2vWBUC9djv6BtiGlmKiQaH,0.372,0.537,9.0,-7.623,1.0,0.0305,0.937,0.873,0.287,0.228,123.735,212750.0,3.0
50,7mEDVrAHDnQJStDo8jKJJm,0.527,0.737,4.0,-5.34,1.0,0.0642,0.05,7.85e-05,0.105,0.499,116.431,172675.0,4.0
51,4pt5fDVTg5GhEvEtlz9dKk,0.75,0.608,1.0,-4.008,1.0,0.0387,0.00165,0.0,0.178,0.958,132.507,173347.0,4.0
52,1uAOCTevGnyKIDbgZdOCnE,0.447,0.337,2.0,-8.665,0.0,0.0631,0.773,0.0,0.298,0.603,135.379,176816.0,4.0
53,2aTKrdenCq5qBOoJPFdn4P,0.558,0.454,6.0,-5.335,1.0,0.0551,0.499,0.0,0.146,0.424,113.12,158594.0,4.0
54,6A8B1kJ9ZNHbl2uFPN6Wtm,0.571,0.955,7.0,-3.795,1.0,0.105,0.00254,1.55e-06,0.274,0.437,98.01,177790.0,4.0
55,3MvY2XbGYFi6p2dgmdcOYG,0.534,0.365,9.0,-9.187,0.0,0.033,0.81,2.52e-06,0.158,0.237,123.466,183707.0,4.0
56,3wuvVwA5RaifHz1uqKac8P,0.706,0.675,4.0,-5.756,0.0,0.0386,0.0128,0.000355,0.263,0.463,99.942,160981.0,4.0
57,7HMz8o0m7ASQ3ImFPfhWTY,0.363,0.678,2.0,-4.939,0.0,0.0995,0.0299,0.0,0.324,0.321,162.124,300413.0,4.0
58,3Sbova9DAY3pc9GTAACT4b,0.557,0.367,3.0,-11.719,1.0,0.03,0.739,0.00904,0.0907,0.193,86.866,261674.0,4.0
59,7dMOzsTZOUtOF7W5kLN0gf,0.826,0.799,5.0,-6.12,1.0,0.0594,0.0477,0.00206,0.125,0.628,115.004,180522.0,4.0
60,2CVChktEKBsM6v4IfdFU5k,0.663,0.434,8.0,-11.177,1.0,0.0648,0.828,0.0,0.249,0.225,109.075,171743.0,4.0
61,5Hm2MJQ4ECvQmH5QWCMQrR,0.519,0.246,5.0,-13.85,1.0,0.0396,0.774,2.35e-06,0.0946,0.108,90.121,312320.0,4.0
62,0DGduxy7YSuqXm272C2LM6,0.662,0.663,9.0,-7.782,0.0,0.132,0.00387,0.0,0.835,0.616,113.986,181547.0,4.0
63,3Wrjm47oTz2sjIgck11l5e,0.714,0.8,11.0,-4.808,0.0,0.0504,0.127,0.0,0.359,0.589,134.002,211560.0,4.0
64,4O0LQKVT6hGmVGNwizmydg,0.798,0.621,2.0,-6.916,0.0,0.0391,0.0141,0.000148,0.0926,0.443,123.038,166000.0,4.0
65,559RWsQqSe4fNUffI9P7mW,0.763,0.87,8.0,-4.493,0.0,0.107,0.148,0.0,0.277,0.783,111.988,178500.0,4.0
66,3590AAEoqH50z4UmhMIY85,0.425,0.638,1.0,-3.184,0.0,0.0759,0.426,0.0,0.177,0.45,81.396,230667.0,4.0
67,2wmO5hhuw4Au0IwSUGLqLh,0.827,0.837,5.0,-5.322,0.0,0.214,0.19,9.72e-06,0.0346,0.752,113.889,176997.0,4.0
68,6KE3Fs6LMzi4hJI3eFqyLC,0.63,0.596,4.0,-7.965,0.0,0.0328,0.106,0.01,0.0983,0.275,106.935,205387.0,4.0
69,6Dz383ZHSKzWh5ZTL7aRra,0.89,0.701,4.0,-7.061,0.0,0.194,0.204,0.0,0.0741,0.652,102.001,176878.0,4.0
70,132wAeR05o10R9iSjA1XAE,0.959,0.521,2.0,-7.496,1.0,0.364,0.0852,6.29e-05,0.204,0.408,130.058,174827.0,4.0
71,3ZeyEvTgSlKajHc0fckgZT,0.602,0.898,2.0,-3.789,0.0,0.0364,4.39e-05,0.000109,0.356,0.566,111.036,230707.0,4.0
72,6OufwUcCqo81guU2jAlDVP,0.727,0.681,5.0,-7.114,0.0,0.0265,0.00214,0.000307,0.0861,0.448,123.028,241970.0,4.0
73,3ydmNkAyYq0AKtG8sTfE9P,0.829,0.425,10.0,-8.992,0.0,0.499,0.375,0.0,0.169,0.716,147.873,221462.0,4.0
74,6shEr6AgLBDlfYlax2UzzL,0.626,0.344,7.0,-7.867,1.0,0.0318,0.808,0.0,0.0773,0.304,119.895,219896.0,4.0
75,4S4RWAA749dKyJQ5CiKEBJ,0.285,0.419,4.0,-7.243,1.0,0.0286,0.338,3.26e-06,0.197,0.244,66.355,175960.0,4.0
76,1aX0Ki80LFzzhqxqRlqbAV,0.605,0.881,10.0,-2.563,1.0,0.153,0.123,0.0,0.038,0.928,193.788,157880.0,4.0
77,5Dmq7XPXXcATuJnSOj8UrT,0.678,0.819,6.0,-4.646,1.0,0.0577,0.00283,2.67e-06,0.112,0.722,125.968,175914.0,4.0
78,0qxLQ6opocOGyFnlXqJ53x,0.601,0.36,9.0,-7.791,0.0,0.0877,0.586,0.0,0.0882,0.335,124.993,276480.0,4.0
79,4hsTQQgfBnBgtBkTGKWS1G,0.935,0.474,2.0,-9.525,1.0,0.222,0.393,0.00157,0.07,0.577,111.046,129987.0,4.0
80,6Pgc3ulraOY7usQgIaIpK6,0.685,0.658,10.0,-8.062,0.0,0.0723,0.00842,8.67e-05,0.39,0.631,91.977,291613.0,4.0
81,1ISMa0THMDKFBq2UMfm02e,0.542,0.647,1.0,-4.973,1.0,0.0277,0.071,0.0,0.108,0.281,92.999,173786.0,4.0
82,5zxZ7M4RgWZUHlMEwac8vt,0.503,0.759,10.0,-5.222,0.0,0.0423,0.00237,1.06e-06,0.13,0.396,90.015,184000.0,4.0
83,4AIatGjGyVipeEAzCMTqOg,0.614,0.867,2.0,-3.484,1.0,0.114,0.0231,0.0,0.0821,0.775,148.885,161040.0,4.0
84,5D2L026JQTKC2gcq3qkYpj,0.587,0.715,2.0,-6.414,0.0,0.0271,0.434,1.85e-05,0.32,0.589,107.964,183093.0,4.0
85,76TRCnbYfo9GU5DPsZ1uI9,0.752,0.664,1.0,-7.392,0.0,0.0775,0.28,0.0,0.102,0.468,107.02,179439.0,4.0
86,6Vfo6O3hk38vDcSpazNo3p,0.635,0.641,4.0,-3.674,0.0,0.0329,0.18,0.0,0.0959,0.218,122.83,253587.0,4.0
87,5Z8Dj3LtbyCMiwE86rhg2f,0.761,0.781,5.0,-6.778,0.0,0.141,0.0681,0.108,0.0607,0.473,123.023,285375.0,4.0
88,4ajjeZhSAVz2Zp9rf9OTIL,0.694,0.76,11.0,-7.216,0.0,0.0464,0.00495,0.00566,0.134,0.511,119.987,178500.0,4.0
89,4K215Fh7PF53yfeSPGtq2L,0.56,0.832,9.0,-4.288,0.0,0.159,0.0316,4.3e-06,0.0966,0.128,87.044,234483.0,4.0
90,0x4GMUtMeZAbti9fhDQnhj,0.533,0.91,2.0,-4.526,0.0,0.0435,0.0213,0.0,0.0699,0.393,146.869,180000.0,4.0
91,6R6i1KOZjiPYLZ8dC0cUgd,0.413,0.193,7.0,-7.94,1.0,0.0296,0.796,1.09e-06,0.095,0.312,94.112,188171.0,4.0
92,2lDgdWIGLYuk74pDeRPgPF,0.658,0.892,6.0,-2.928,0.0,0.036,0.00723,0.0,0.0723,0.919,107.944,162013.0,4.0
93,5sckZhskSmeF8TFJ05oSCB,0.665,0.886,10.0,-5.773,0.0,0.082,0.00319,1.22e-06,0.387,0.529,104.084,179787.0,4.0
94,1m0UFnuTktOkksvjbF9z0m,0.808,0.661,0.0,-6.237,0.0,0.0395,0.0358,0.0,0.138,0.804,107.992,235556.0,4.0
95,2ySHAi6CPwpGYdsomsezWg,0.352,0.741,7.0,-5.224,0.0,0.0353,0.144,0.0119,0.0938,0.246,160.747,248000.0,4.0
96,2l7V3AuTxGuswKjGovaSEv,0.376,0.846,7.0,-4.126,1.0,0.0464,0.00537,8e-06,0.186,0.408,96.176,209787.0,4.0
97,5GVMXVYBFyUeq1jz8IsGRq,0.718,0.718,0.0,-4.969,0.0,0.0609,0.479,8.8e-06,0.234,0.539,95.039,173375.0,4.0
98,3t8zZT7wYJKel10HgAE6tg,0.522,0.899,11.0,-6.173,0.0,0.0715,0.0159,0.0,0.22,0.805,109.665,91587.0,4.0
99,2gvIIpYdM9x1rdekmQMXCL,0.73,0.816,2.0,-6.087,1.0,0.177,0.201,0.19,0.253,0.569,124.989,172751.0,4.0
100,7MC4XR9M9amdmKQr2iDF7i,0.862,0.753,5.0,-5.356,1.0,0.0625,0.131,2.01e-06,0.077,0.827,105.039,182857.0,4.0
101,4AEHAp2MItoq5imMKJZbbS,0.702,0.68,6.0,-7.82,0.0,0.257,0.0277,0.878,0.207,0.473,134.044,202388.0,4.0
102,3M89zvwwb1jtDUDKYNsdiA,0.727,0.904,10.0,-3.408,0.0,0.064,0.0153,0.55,0.0963,0.372,124.02,128500.0,4.0
103,47Oyb8htn4LEQIbqytJ5bY,0.83,0.661,10.0,-5.584,1.0,0.0513,0.288,2.48e-06,0.0633,0.498,131.011,199758.0,4.0
104,2kQRGDr8EMesjnUFDKGNF3,0.7,0.703,9.0,-5.987,1.0,0.235,0.0542,1.35e-05,0.307,0.79,100.001,178200.0,4.0
105,2Dk8sNfat2COxyyeoH76Tt,0.765,0.649,11.0,-7.157,0.0,0.442,0.287,0.0,0.54,0.711,142.008,193933.0,4.0
106,3q7Grbds92sfawcFFo1Vcu,0.771,0.363,1.0,-10.873,0.0,0.179,0.186,0.0,0.0913,0.44,115.95,219939.0,4.0
107,6EQR7Y5vVZFiPD0RUECIDv,0.791,0.915,10.0,-2.48,1.0,0.0809,0.0622,0.0,0.244,0.732,121.948,194262.0,4.0
108,1bwhDrXcAtqePp8mNJ0pTe,0.805,0.637,6.0,-6.515,1.0,0.0869,0.228,0.0,0.071,0.678,140.045,179427.0,4.0
109,3Hb9kUdm4yf839Fle4RIdT,0.828,0.599,11.0,-1.624,1.0,0.149,0.381,0.0,0.0775,0.478,86.533,171692.0,5.0
110,5UyIXwFO6EFJoj586MVKOZ,0.507,0.834,9.0,-14.187,1.0,0.0503,0.33,0.759,0.284,0.555,173.15,152660.0,4.0
111,2hhFpD32iXUd4GaCu6T4wn,0.823,0.731,3.0,-4.273,1.0,0.307,0.422,0.0,0.306,0.877,90.3,195693.0,4.0
112,5MOu26ElQmvJfgkhAcJPcN,0.838,0.414,11.0,-15.615,0.0,0.415,0.747,0.000162,0.0921,0.88,160.229,78000.0,4.0
113,4nfpbsiYbB0TVBOeJ7X7Z0,0.779,0.463,4.0,-7.194,0.0,0.0516,0.193,3.17e-06,0.0779,0.433,113.81,169944.0,4.0
114,2uj7OACDZUQIvAfKAwtHES,0.754,0.563,1.0,-6.468,1.0,0.0601,0.289,0.0,0.109,0.914,160.029,185093.0,4.0
115,2vd2HEhrkafOi2uveHjzzh,0.825,0.878,9.0,-5.485,0.0,0.186,0.128,8.94e-05,0.0963,0.847,126.994,197520.0,4.0
116,0fukO3WYYUHaXOrvEohpEG,0.721,0.588,4.0,-7.801,0.0,0.0501,0.37,0.00208,0.1,0.276,150.031,263577.0,4.0
117,3y1fkvCTbBhNXQpR56KXYC,0.776,0.56,11.0,-10.458,0.0,0.0403,0.77,0.0288,0.164,0.283,119.98,148000.0,4.0
118,4ZOc7tUkd0GmejDjs13tFG,0.87,0.71,10.0,-6.743,0.0,0.118,0.515,0.000201,0.121,0.752,108.985,125505.0,4.0
119,1ABG6ke9SdUK9YayVafbcX,0.635,0.573,2.0,-4.114,0.0,0.0279,0.397,0.0,0.133,0.403,125.946,204933.0,4.0
120,0z58HQdBeOGPCveLYfX6lO,0.375,0.906,7.0,-3.977,1.0,0.138,0.0984,1.45e-06,0.0855,0.279,172.292,187272.0,4.0
121,1tzTlRMcw9xDqrNRzj3H2g,0.745,0.861,9.0,-6.807,0.0,0.0356,0.00718,0.111,0.387,0.749,137.031,215474.0,4.0
122,7x2kUv1fUZRjz7w2hwJuke,0.706,0.457,7.0,-15.603,0.0,0.365,0.428,0.0,0.262,0.864,79.863,148245.0,4.0
123,36ONZ2CvV8KsLPapNPGTqa,0.715,0.839,5.0,-2.35,0.0,0.0602,0.524,0.0,0.266,0.539,111.371,126707.0,4.0
124,0gCOqruLa3pfDG73U7x5Hy,0.855,0.841,9.0,-6.613,0.0,0.0366,0.396,0.0015,0.584,0.838,130.011,180923.0,4.0
125,1ghdJUMhmLEpUitNwyNMWH,0.413,0.902,6.0,-3.488,1.0,0.0649,0.000214,2.49e-05,0.165,0.398,160.271,156000.0,4.0
126,6D2tOVX5MMl8jNVkwsFaWg,0.831,0.76,6.0,-4.184,1.0,0.0807,0.167,0.0,0.0871,0.865,113.969,146813.0,4.0
127,7t3fuKd5h73oppjIgkxZ25,0.821,0.773,11.0,-3.631,0.0,0.0487,0.0184,0.0,0.074,0.962,128.827,150827.0,4.0
128,2Du09hJBFkE49xA4JqWvXS,0.713,0.873,5.0,-2.933,1.0,0.0545,0.0268,0.0,0.108,0.522,103.019,153947.0,4.0
129,75umLiTzkHFJfVWBeAsg0o,0.804,0.825,11.0,-5.935,1.0,0.161,0.0848,0.0,0.11,0.817,151.153,197086.0,4.0
130,16hvqSkpxHjYssBox5awFr,0.79,0.405,4.0,-9.833,0.0,0.0393,0.00235,0.0,0.507,0.471,126.984,183307.0,4.0
131,0e3CM2Fm4cpDtxjzYkdLAr,0.797,0.649,3.0,-5.506,0.0,0.182,0.24,0.0012,0.153,0.437,117.971,200212.0,4.0
132,3UJgH1Ll2cwP9I6dtfKKfd,0.672,0.525,10.0,-6.603,0.0,0.0542,0.0903,0.0,0.0655,0.208,159.107,114717.0,4.0
133,1qNe5rzjYah7emeSt96L6n,0.717,0.691,6.0,-6.298,0.0,0.0717,0.111,0.0,0.0914,0.708,155.303,134100.0,4.0
134,3bghEsjRvDLVt6PE3Loc4G,0.469,0.661,4.0,-5.164,1.0,0.0525,0.0142,0.000112,0.0962,0.402,115.091,238512.0,4.0
135,6riWD7fUly0edv1gUZaguM,0.551,0.693,5.0,-4.757,1.0,0.034,0.0476,2.4e-06,0.146,0.193,80.088,176507.0,4.0
136,5Q5A1Ej3bqhlTmr7I0DbS8,0.533,0.52,11.0,-10.101,0.0,0.0455,0.831,0.00365,0.148,0.233,89.943,149333.0,4.0
137,1hzH0NQm9erD5oVP6Ky0fx,0.734,0.738,11.0,-10.24,1.0,0.105,0.00558,0.825,0.0815,0.174,126.015,129149.0,4.0
138,6N2rMGXBhNZ6slxJcp1E7z,0.693,0.916,1.0,-3.569,0.0,0.113,0.0286,0.666,0.301,0.723,144.044,181255.0,4.0
139,3N1D4VrIeFeZyraFaIOakm,0.967,0.495,6.0,-6.934,1.0,0.106,0.126,0.0,0.0826,0.824,116.332,252000.0,4.0
140,7pgF8R3LBSoYGR4JtN9fTn,0.8,0.79,5.0,-2.357,1.0,0.0899,0.0383,0.0,0.046,0.827,122.987,213720.0,4.0
141,2Gk2OTsCi4Mmoa99ejmV79,0.642,0.666,2.0,-7.006,0.0,0.0351,0.11,0.000636,0.108,0.242,130.0,236308.0,4.0
142,2rCbl9naJYhaxjLsfx88uM,0.715,0.622,4.0,-5.102,0.0,0.046,0.163,0.0,0.0948,0.808,80.015,195053.0,4.0
143,1u73tmG4xQschbK8cXxSD9,0.796,0.552,0.0,-7.226,1.0,0.0314,0.00113,0.0101,0.0876,0.468,123.004,493796.0,4.0
144,6BUzrHikNeeXB2HrnB0OBn,0.917,0.63,10.0,-8.557,0.0,0.275,0.0106,8.85e-05,0.141,0.697,117.993,141000.0,4.0
145,71R8HJxQk5qMiRstrlXN9t,0.54,0.455,3.0,-5.988,1.0,0.224,0.675,1.08e-05,0.12,0.432,83.876,212032.0,4.0
146,2fpKvUg9hxiKAOLuwfEdlJ,0.635,0.682,10.0,-6.86,1.0,0.271,0.207,0.0,0.361,0.673,89.085,288282.0,4.0
147,2Vficy40iZyTKoAJNwLWzd,0.712,0.415,10.0,-5.466,1.0,0.0323,0.536,0.0,0.0829,0.635,125.029,205387.0,4.0
148,341B11g1euMFUUI9eP0A7X,0.848,0.682,6.0,-6.506,0.0,0.116,0.0248,0.0761,0.0501,0.89,110.036,135288.0,4.0
149,4OwhwvKESFtuu06dTgct7i,0.75,0.522,9.0,-7.018,1.0,0.0293,0.282,0.0,0.0743,0.601,110.427,321556.0,4.0
150,3a9LFom8qDQ7g4akARwnlR,0.827,0.613,0.0,-4.202,1.0,0.0285,0.182,0.0,0.207,0.558,105.982,226981.0,4.0
151,5jzEwSyyymBlf1fa1o39T2,0.818,0.673,4.0,-7.542,0.0,0.148,0.348,0.0,0.172,0.695,87.961,193636.0,4.0
152,7DFSnCBYlus7i4U9KKlbdU,0.862,0.671,4.0,-6.576,0.0,0.0995,0.258,0.00274,0.0744,0.82,115.952,237053.0,4.0
153,6UU24wuWgGwuSBAxDH866Z,0.936,0.825,1.0,-4.928,1.0,0.189,0.00612,0.0017,0.0703,0.843,123.991,233301.0,4.0
154,2f0Ft2XdvNSMSY5TUlZgEz,0.278,0.572,7.0,-8.295,1.0,0.0407,0.392,0.0,0.063,0.311,95.351,253760.0,3.0
155,4H3t8C59tXjKf1R2iKtc5M,0.673,0.326,0.0,-7.481,1.0,0.0348,0.696,3.73e-06,0.103,0.672,133.309,189408.0,4.0
156,1AP7yzd4qSdKVcupPC827R,0.79,0.939,6.0,-1.802,0.0,0.0571,0.549,0.218,0.636,0.403,102.044,175266.0,4.0
157,7Bk0uXKk1uPT0XuQbpFzvs,0.849,0.701,6.0,-4.407,0.0,0.06,0.407,0.0,0.112,0.505,98.005,261667.0,4.0
158,70j3mcY8rH01gQzS01Ix7Q,0.764,0.499,1.0,-7.863,0.0,0.0782,0.346,0.0,0.297,0.315,124.12,180000.0,4.0
159,2dNhNlpZAtV4lwAFW45LIv,0.83,0.517,6.0,-6.416,0.0,0.333,0.399,8.95e-05,0.0916,0.616,171.959,182496.0,4.0
160,3MvpSDePWyiVxheU1eff6L,0.74,0.673,0.0,-2.872,1.0,0.102,0.232,4.45e-06,0.12,0.698,180.026,198592.0,4.0
161,6tDDoYIxWvMLTdKpjFkc1B,0.653,0.524,11.0,-9.016,0.0,0.0502,0.112,0.0,0.203,0.553,83.97,160191.0,4.0
162,5iF33sXejXwfTuidVHMll0,0.788,0.771,0.0,-4.048,1.0,0.0562,0.0452,0.0,0.103,0.785,91.945,169560.0,4.0
163,4DHDIdeayp8xvlyg22wREO,0.908,0.813,5.0,-2.749,0.0,0.0777,0.305,0.0,0.278,0.924,97.018,200785.0,4.0
164,5u7twkeask1VIyDeNTElSU,0.786,0.899,10.0,-0.515,1.0,0.127,0.192,0.000189,0.299,0.813,90.025,216510.0,4.0
165,4emicu3yCflgo7z6cAuw5j,0.516,0.871,10.0,-3.261,1.0,0.041,0.00114,0.0,0.0877,0.457,134.021,221760.0,4.0
166,7H0ya83CMmgFcOhw0UB6ow,0.508,0.792,0.0,-7.311,0.0,0.0297,0.229,0.124,0.145,0.601,147.067,320467.0,4.0
167,37BZB0z9T8Xu7U3e65qxFy,0.65,0.825,0.0,-4.645,1.0,0.0325,0.0215,2.44e-05,0.0936,0.593,118.091,191014.0,4.0
168,3iJya7m7trpGv570Ske30n,0.207,0.243,10.0,-8.181,1.0,0.0306,0.925,0.0342,0.118,0.394,171.648,185176.0,4.0
169,0cOa970mzTWAxKtltpkpLc,0.85,0.541,2.0,-4.522,1.0,0.0674,0.161,5.01e-06,0.286,0.916,92.003,165275.0,4.0
170,20RGQHWvqyyacpuxMBeLsZ,0.909,0.636,10.0,-6.659,1.0,0.191,0.279,0.00068,0.0779,0.554,100.01,237900.0,4.0
171,2uKWInHih8UkVBwgH6zuUm,0.469,0.941,7.0,-3.527,1.0,0.138,0.00298,0.000158,0.325,0.829,101.303,219853.0,4.0
172,0Cd0iAL7nSNgTxadEsI5Od,0.701,0.566,2.0,-7.503,0.0,0.0354,0.212,0.000978,0.165,0.441,123.991,147097.0,4.0
173,6KEb17S00Inf0v1qYDgUAj,0.705,0.692,9.0,-6.476,0.0,0.0357,0.574,0.0,0.13,0.444,122.991,175890.0,4.0
174,5HgZU8DoSWLvs1dWBvXYJt,0.79,0.775,11.0,-5.042,1.0,0.0505,0.149,0.0,0.189,0.832,109.944,184387.0,4.0
175,1ITV1k9laGrWUpagayejMQ,0.474,0.95,7.0,-2.762,1.0,0.0898,0.00646,0.000397,0.177,0.67,176.491,165787.0,4.0
176,5gwTxSGO05hoDp59dr4mzo,0.695,0.784,0.0,-5.76,1.0,0.0363,0.118,0.0233,0.173,0.849,74.997,158388.0,4.0
177,4qqlAkJ1oXYrYFtX3PHmmw,0.686,0.588,7.0,-5.962,0.0,0.0374,0.0505,6.41e-05,0.113,0.543,143.008,164476.0,4.0
178,2Y9vntBucMBKzLFGaOiYA4,0.441,0.334,5.0,-13.874,1.0,0.0969,0.906,3.16e-05,0.129,0.433,149.629,198320.0,4.0
179,17fq6LtVwn5AvyAkVZZL4z,0.773,0.271,5.0,-12.229,1.0,0.038,0.902,0.00104,0.137,0.788,125.083,154999.0,4.0
180,1dIWPXMX4kRHj6Dt2DStUQ,0.571,0.767,2.0,-5.16,1.0,0.287,0.336,0.0,0.0809,0.605,93.421,161684.0,4.0
181,16iRlyUMJVPqz62DlomMre,0.513,0.38,11.0,-11.091,1.0,0.0336,0.12,0.0,0.0924,0.323,120.952,263500.0,4.0
182,5LwSdQ08DDEPeYEFUQlGP8,0.524,0.135,7.0,-16.136,1.0,0.044,0.886,5.65e-05,0.323,0.499,81.198,256139.0,3.0
183,4rogQcTh9fZvqH6aCUGxuB,0.593,0.307,6.0,-12.427,1.0,0.0747,0.215,0.0,0.122,0.587,81.515,230486.0,4.0
184,2X5AFygz5SDYlXagyPw8kX,0.642,0.374,5.0,-10.606,1.0,0.032,0.423,1.54e-06,0.435,0.0979,129.863,221538.0,4.0
185,3e7LQvyW617yxNW6mm0XdA,0.903,0.419,1.0,-10.277,1.0,0.111,0.23,0.0,0.0972,0.134,119.979,185051.0,4.0
186,1dcNEEtODRVZEevQ20Cgmy,0.62,0.547,1.0,-6.772,1.0,0.0248,0.112,0.0,0.19,0.208,98.032,210355.0,4.0
187,3pCt2wRdBDa2kCisIdHWgF,0.668,0.727,7.0,-6.55,0.0,0.027,0.514,1.9e-05,0.1,0.939,139.991,344571.0,4.0
188,4aJzPMzETa2kSm1Gz8PlBx,0.692,0.549,9.0,-4.327,0.0,0.0366,0.183,0.0,0.102,0.375,71.991,231798.0,4.0
189,0ZVXBU8LCG0HutT5Oa8eI4,0.769,0.602,9.0,-7.3,1.0,0.0312,0.0923,0.0229,0.0594,0.527,104.992,227723.0,4.0
190,2zh01m4PiHaZz4BAm0NRxs,0.608,0.845,6.0,-2.292,1.0,0.0597,0.136,0.0,0.111,0.322,98.976,218240.0,4.0
191,2QdH0rKlV3d9Y6lWzcnlBH,0.847,0.814,11.0,-4.668,0.0,0.152,0.0825,0.000507,0.0948,0.711,140.057,172359.0,4.0
192,0ClPIeT6MSgfSgQ9ZrJbAq,0.749,0.535,4.0,-6.785,1.0,0.0336,0.0131,3.65e-05,0.0982,0.601,123.042,196607.0,4.0
193,1Fhb9iJPufNMZSwupsXiRe,0.711,0.747,0.0,-6.335,1.0,0.0523,0.459,0.0,0.0957,0.852,136.0,166023.0,4.0
194,1Ry0l6trESL8T4ddsRaYLE,0.48,0.299,7.0,-12.077,1.0,0.0525,0.838,0.0,0.133,0.196,121.75,158677.0,4.0
195,5fh1tWashAZSkcdFDqrnyW,0.742,0.407,5.0,-12.185,1.0,0.123,0.815,0.000103,0.112,0.624,129.818,267162.0,4.0
196,6EgwlXnFrfkFqOKqY3dqki,0.753,0.0832,9.0,-13.375,1.0,0.0455,0.822,0.0,0.0811,0.634,99.906,178200.0,4.0
197,7I9RoRcJ0N9rvN4p4KWPsH,0.745,0.497,2.0,-5.767,1.0,0.136,0.00611,0.033,0.183,0.438,75.019,224579.0,4.0
198,6vFsBXYczYsP0H3lgunZOm,0.637,0.929,4.0,-3.593,1.0,0.0491,0.00167,2.62e-05,0.344,0.902,80.974,147351.0,4.0
199,1U6aNzlYxoCGGm7K6Nu9EE,0.369,0.424,7.0,-5.431,1.0,0.0318,0.64,0.0,0.184,0.181,179.597,203991.0,4.0
200,4JE6agBLHGA5TaF6FlqfBD,0.331,0.45,10.0,-5.362,1.0,0.034,0.365,0.00464,0.22,0.18,123.829,218755.0,4.0
201,3rlUxMDbs9DFZn0NaFO305,0.861,0.644,5.0,-7.79,1.0,0.513,0.0953,0.0,0.284,0.765,76.915,115392.0,4.0
202,3dG1jxbfBIZvzyFwAcsmS0,0.583,0.589,2.0,-6.621,1.0,0.203,0.0612,0.0,0.108,0.56,192.13,181196.0,4.0
203,35yw6wTQcItHtyrbCAQV9L,0.713,0.258,3.0,-14.231,1.0,0.036,0.823,0.0111,0.0838,0.214,102.008,327059.0,4.0
204,6nQYJuqhIW2zKWAv1rZPM6,0.618,0.652,0.0,-2.971,1.0,0.0313,0.0711,0.0,0.216,0.507,139.902,259120.0,3.0
205,3krZxyBsWEHfEfJegYaWTd,0.615,0.422,5.0,-8.019,0.0,0.0504,0.604,0.0,0.112,0.185,135.859,214094.0,5.0
206,6BeODAFUXgrscucnq8xDAs,0.588,0.178,8.0,-17.502,1.0,0.0489,0.877,0.0,0.107,0.358,129.763,232000.0,4.0
207,4RBg2yWT0oRxPFUHz1Q8zm,0.742,0.612,11.0,-5.42,0.0,0.299,0.334,0.0,0.119,0.389,135.943,321263.0,3.0
208,7oPYVEyCOE5qZBsVvQLvCi,0.874,0.863,2.0,-4.049,1.0,0.0716,0.171,0.000739,0.0708,0.839,110.045,118886.0,4.0
209,6iql0jmyrOmtI58SGMI3IJ,0.616,0.243,7.0,-7.578,0.0,0.205,0.866,0.0,0.0932,0.782,185.562,148800.0,3.0
210,2rDZhKnPaPG054ExZ6nXUS,0.796,0.68,10.0,-5.555,0.0,0.37,0.0575,0.000683,0.103,0.71,179.923,176143.0,4.0
211,4xgFkL3iSFCPoHBrqJ85T0,0.636,0.528,5.0,-9.351,1.0,0.047,0.905,0.0852,0.0965,0.961,92.967,251293.0,3.0
212,3SgybTfx3GWHAcjhK9iPmz,0.736,0.785,10.0,-3.676,1.0,0.0567,0.198,4.44e-06,0.109,0.747,176.021,250907.0,4.0
213,3IfUwAUPyHvq5vfRMXK1WO,0.833,0.748,1.0,-5.963,1.0,0.229,0.0331,1.44e-06,0.0728,0.484,119.925,140000.0,4.0
214,40VXhSMmqKiQqXkagwD6Kx,0.639,0.82,1.0,-7.175,1.0,0.0352,0.00959,0.693,0.0884,0.852,131.995,138162.0,4.0
215,0aZnyTWJNgdzYoOiaW8HKG,0.515,0.704,9.0,-5.25,0.0,0.206,0.767,0.0,0.415,0.885,91.246,217213.0,3.0
216,6tMdpUXfT70TD6Eh3XfB1p,0.648,0.827,9.0,-4.78,0.0,0.042,0.00533,0.338,0.217,0.598,176.005,230895.0,4.0
217,4FbSQJbQNWKyCWVSEpnlqu,0.678,0.699,3.0,-9.486,0.0,0.0401,0.00415,0.0,0.102,0.85,121.847,289176.0,4.0
218,24k6qrLWl6GsF8tFXgkKuo,0.507,0.522,8.0,-9.775,0.0,0.119,0.78,0.0102,0.144,0.451,158.014,263253.0,3.0
219,7ssJMybqD4c4dkpoU81mlZ,0.885,0.725,9.0,-6.05,1.0,0.147,0.581,0.0,0.0657,0.923,109.069,138335.0,4.0
220,1cEhrSF6EylAEqdhUGuNpX,0.877,0.444,8.0,-7.547,1.0,0.172,0.24,0.0,0.169,0.658,129.06,165527.0,4.0
221,1VOKnlCFYhzGW1al5M9cgv,0.664,0.927,5.0,-2.48,1.0,0.0597,0.335,0.0,0.107,0.869,115.986,242600.0,4.0
222,20GrahbI4AzAOWxpYfDKkf,0.757,0.721,4.0,-2.906,0.0,0.0691,0.00196,0.0,0.647,0.364,124.036,165366.0,4.0
223,3ciqhcLmXP4hVGBD98QlEj,0.746,0.764,2.0,-6.833,1.0,0.0462,0.00803,0.0,0.357,0.701,116.982,231883.0,4.0
224,2cc8Sw1OnCuA5bV8nqWqpE,0.691,0.695,0.0,-5.6,1.0,0.0367,0.0592,0.0,0.0647,0.514,106.064,233386.0,4.0
225,4d79iPe88TzFewhFk2vrcy,0.722,0.501,10.0,-6.113,0.0,0.0625,0.255,0.0,0.0857,0.541,144.076,156742.0,4.0
226,41eenDXgPx45KuzgYJvevD,0.582,0.819,7.0,-5.192,1.0,0.0737,0.0583,0.0,0.162,0.534,169.995,198840.0,4.0
227,5GGTgkmfEzkhAfmG0hxXk9,0.307,0.873,2.0,-2.309,1.0,0.0389,0.226,0.00496,0.365,0.12,150.397,449507.0,4.0
228,3Pj6u2KTgepyyidp5xfbHp,0.712,0.568,5.0,-7.864,0.0,0.0546,0.0947,0.0,0.169,0.46,130.019,166356.0,4.0
229,2S9FuNX2H2cCwxcIoTUtbM,0.742,0.54,4.0,-6.456,1.0,0.187,0.718,0.0,0.102,0.52,140.039,197093.0,4.0
230,6NKn02oJDkUkRa9IHbMe3n,0.753,0.574,3.0,-4.57,1.0,0.0483,0.0512,3.71e-06,0.141,0.527,89.024,290000.0,4.0
231,3Iba59sFmGhQ4kbCY5L8AX,0.689,0.706,1.0,-4.48,0.0,0.0312,0.0833,0.0,0.105,0.623,106.52,226268.0,4.0
232,6VYY26Wws3jIS1DdqeOsXZ,0.741,0.855,5.0,-3.499,1.0,0.0923,0.353,0.0,0.12,0.929,159.94,169133.0,4.0
233,5ynGR62BCNQZx7EUoqSTac,0.559,0.661,5.0,-6.627,1.0,0.0818,0.162,0.00107,0.0902,0.32,195.927,249796.0,4.0
234,7eCpXVlWnTVEE8twb3P8m5,0.434,0.271,7.0,-10.302,1.0,0.0353,0.856,0.0,0.109,0.367,167.412,158175.0,4.0
235,3VSA53dOtVkhwyJ0nsAnRt,0.545,0.778,11.0,-4.322,0.0,0.039,0.0102,0.0,0.0902,0.413,100.144,218253.0,4.0
236,4LxFRsy3TZjqAtAgIsjkez,0.621,0.783,2.0,-4.78,1.0,0.162,0.55,0.0,0.109,0.49,160.161,218250.0,4.0
237,4iJyoBOLtHqaGxP12qzhQI,0.677,0.696,0.0,-6.181,1.0,0.119,0.321,0.0,0.42,0.464,90.03,198082.0,4.0
238,2bU2EvhMM4Z1M1CLJlnZH1,0.482,0.47,11.0,-6.365,1.0,0.0314,0.665,0.0,0.191,0.32,109.286,165229.0,4.0
239,67BtfxlNbhBmCDR2L2l8qd,0.61,0.508,8.0,-6.682,0.0,0.152,0.297,0.0,0.384,0.758,178.818,137876.0,4.0
240,15HNdxGKNCIO9pgaY4n7FU,0.538,0.869,8.0,-3.464,1.0,0.0275,0.047,0.0,0.14,0.369,91.972,326843.0,4.0
241,7MAibcTli4IisCtbHKrGMh,0.586,0.616,5.0,-7.964,1.0,0.0324,0.182,0.0,0.0927,0.719,148.088,242096.0,4.0
242,5xKHD7mTnrCgy4SN1Y1jK3,0.549,0.418,6.0,-13.172,1.0,0.0423,0.788,0.123,0.112,0.692,171.98,210377.0,4.0
243,285pBltuF7vW8TeWk8hdRR,0.511,0.566,6.0,-7.23,0.0,0.2,0.349,0.0,0.34,0.218,83.903,239836.0,4.0
244,10PzmnIzAwd4vRRDUamEwr,0.457,0.499,4.0,-6.655,1.0,0.0318,0.422,0.0,0.331,0.164,120.18,281314.0,4.0
245,39RQAEuPs04z9wCFnMBuA7,0.845,0.589,11.0,-5.526,1.0,0.0549,0.054,3.09e-06,0.0676,0.739,120.033,168714.0,4.0
246,59eluCMn0XbOWqeWQ91FTM,0.524,0.687,7.0,-4.039,1.0,0.0267,0.00135,0.0,0.169,0.619,99.919,246307.0,4.0
247,3OB2kHbwZESIxMSIrv7xit,0.528,0.448,4.0,-12.207,0.0,0.0248,0.141,0.423,0.162,0.458,97.975,216510.0,4.0
248,0BGwAKW4u8kWOhWFflZxfl,0.778,0.695,4.0,-6.865,0.0,0.0913,0.175,0.0,0.15,0.472,149.996,132780.0,4.0
249,5LuuUXI3Msm4L2iUNHi3JB,0.734,0.506,11.0,-8.021,0.0,0.0364,0.0338,0.0,0.116,0.174,99.997,186000.0,4.0
250,6xw8ld1ztoCKifwTN6uGDq,0.878,0.64,0.0,-5.641,1.0,0.0591,0.142,0.0,0.0981,0.658,124.069,200524.0,4.0
251,159SZ03pGD0xbRQOO0u8d2,0.533,0.794,9.0,-6.117,0.0,0.0315,0.0163,2.3e-06,0.285,0.454,127.961,310672.0,4.0
252,3izsNAAnjd2hGIAvF0lfuc,0.791,0.533,9.0,-10.52,1.0,0.119,0.284,0.0,0.0808,0.246,127.841,151902.0,4.0
253,2As5qbxVlDvwVflpZ5L7pR,0.646,0.497,1.0,-9.741,1.0,0.0337,0.345,6.97e-05,0.107,0.242,125.119,173920.0,4.0
254,6g55kbzhCFjaaewl6mAxXn,0.753,0.581,1.0,-9.402,1.0,0.129,0.149,0.00032,0.127,0.349,126.049,174167.0,4.0
255,4MDIxXuqBgHWJu8Cw92g8Y,0.712,0.411,11.0,-9.328,1.0,0.0313,0.543,1.13e-05,0.0886,0.549,95.08,207401.0,4.0
256,6kyuJgHiPolqHWT5lYNvIe,0.663,0.579,8.0,-8.028,0.0,0.0585,0.197,0.0,0.123,0.261,83.026,187952.0,4.0
257,5DOHzS4CEPwu2CIFdtTPDe,0.748,0.585,0.0,-7.541,1.0,0.0517,0.174,0.0,0.0984,0.746,129.843,194769.0,4.0
258,6WlqlQu7hnZNHCZmY12mgo,0.653,0.783,11.0,-9.585,0.0,0.048,0.041,0.0,0.293,0.858,119.964,212500.0,4.0
259,08Ni8ycWrYYeQ84MBSWzbz,0.366,0.321,1.0,-7.684,1.0,0.0357,0.481,0.00189,0.0941,0.223,177.037,344746.0,3.0
260,37eHzrwiCHGgyPLnBbCTk5,0.795,0.633,5.0,-7.059,0.0,0.0731,0.346,4.39e-05,0.0901,0.237,102.009,241929.0,4.0
261,74fN5qPHhdsfBIIGN5C0JW,0.921,0.398,0.0,-9.427,1.0,0.0794,0.0277,1.04e-05,0.121,0.792,116.011,143571.0,4.0
262,3GPRo38WHLm2F7RGTmIZ9H,0.72,0.486,4.0,-11.9,1.0,0.0948,0.0528,1.42e-06,0.0729,0.509,152.075,194211.0,4.0
263,2iRniYXjMHKmwXqA2jYXP7,0.871,0.341,3.0,-8.932,0.0,0.0576,0.0311,0.000124,0.0838,0.612,127.001,173386.0,4.0
264,3CnYaWvjHsuU4p9AtOzAwu,0.857,0.692,10.0,-6.625,0.0,0.165,0.0182,0.0,0.0682,0.69,147.096,131429.0,4.0
265,2D820se3QUXDJbupKJJDXO,0.46,0.54,4.0,-11.677,1.0,0.152,0.406,0.0,0.621,0.762,117.459,172655.0,4.0
266,1q3Iuk3nVEwRPj7mR34QYQ,0.929,0.455,1.0,-11.527,1.0,0.554,0.000682,0.00242,0.151,0.552,121.949,243133.0,4.0
267,43uOVQLvsUxWOzQLApPu0X,0.415,0.63,1.0,-9.335,1.0,0.0557,0.721,0.0688,0.162,0.341,137.408,227706.0,4.0
268,1sGybPOm1Q0Cv5Ak6UN43z,0.52,0.925,2.0,-4.974,0.0,0.0606,0.000142,0.000204,0.296,0.267,107.985,228331.0,4.0
269,6uYnM3pZBgvEh95lrsqSJS,0.677,0.872,6.0,-7.673,1.0,0.232,0.253,0.0368,0.127,0.197,138.003,136196.0,4.0
270,7amH2HH61gLCW6mSAre9s7,0.604,0.555,6.0,-7.415,0.0,0.0287,0.0362,0.00721,0.0991,0.182,116.903,230880.0,4.0
271,0pvPWDLzZcWFyXO2VantXA,0.743,0.56,11.0,-9.989,0.0,0.261,0.175,0.0,0.286,0.634,142.038,194366.0,4.0
272,2nIgV90BbhZqq3RXazLV1w,0.883,0.74,9.0,-6.005,1.0,0.216,0.0116,0.000517,0.331,0.809,128.005,185625.0,4.0
273,1KKqiE7UtShqsjZwYvWpm8,0.793,0.574,11.0,-7.823,1.0,0.0552,0.216,0.0,0.0923,0.538,89.994,135543.0,4.0
274,7x19JpxcxilHUPLbrWdpDW,0.549,0.545,5.0,-5.861,1.0,0.385,0.323,0.0,0.245,0.52,95.562,245035.0,5.0
275,1KhrAWvLIjRlQIJtSTgvsi,0.605,0.864,6.0,-5.365,1.0,0.0292,0.13,0.000827,0.113,0.736,122.918,228187.0,4.0
276,0pb6jcU6ncdHhpigpPnm7Y,0.892,0.482,0.0,-7.289,1.0,0.0613,0.159,0.0,0.382,0.513,105.022,148143.0,4.0
277,50NF7iOmQU8m4Z38qmQ0WZ,0.613,0.873,6.0,-4.572,1.0,0.0299,0.0688,0.0,0.094,0.436,97.999,176360.0,4.0
278,6iuEK9IFiwlbchU6Fg35x4,0.843,0.538,10.0,-7.247,0.0,0.0534,0.483,0.0,0.127,0.921,119.109,140480.0,4.0
279,6DFpaIEN0sKytc77iFZU00,0.768,0.879,1.0,-7.571,1.0,0.253,0.0168,0.00462,0.263,0.286,134.983,260910.0,4.0
280,5KLDajsSLvA5n2zTwKycvF,0.678,0.867,0.0,-5.85,1.0,0.0268,0.0128,3.19e-05,0.344,0.961,124.001,186751.0,4.0
281,1rsFWZMWc4cQbV2OYft88k,0.946,0.934,9.0,-4.03,1.0,0.204,0.00804,1.85e-05,0.0875,0.7,127.931,181875.0,4.0
282,01GZjSSjSSpvTnDNdR8r3Y,0.595,0.751,0.0,-4.711,0.0,0.0601,0.133,0.0,0.317,0.837,109.493,175747.0,4.0
283,0hr4vDBoqPF59h9GpqeLdV,0.612,0.631,11.0,-9.086,0.0,0.177,0.458,6.48e-06,0.132,0.282,103.97,127481.0,4.0
284,37pmVaDTYUIxp6XwVQOy5C,0.455,0.909,7.0,-3.359,0.0,0.145,0.0635,0.0249,0.13,0.151,175.007,253407.0,4.0
285,1CqOEa4NIRBaWR6sNHTDTo,0.514,0.966,2.0,-4.854,1.0,0.0502,0.00677,0.0422,0.382,0.802,91.025,218764.0,4.0
286,4wT9xC986HKw6LMObnOLfr,0.793,0.487,11.0,-9.165,1.0,0.169,0.117,0.0,0.137,0.407,93.98,186383.0,4.0
287,3MfoVUFEXWX6bxbACLVZEG,0.729,0.723,1.0,-7.374,1.0,0.0431,0.093,0.0,0.081,0.295,100.094,105600.0,4.0
288,0VzBKgimNRMauaqzT2rEnS,0.817,0.8,2.0,-4.475,1.0,0.108,0.12,3.9e-05,0.187,0.534,90.016,154667.0,4.0
289,4cG7HUWYHBV6R6tHn1gxrl,0.824,0.862,2.0,-3.424,1.0,0.126,0.0076,0.000132,0.303,0.801,122.98,169153.0,4.0
290,3yuIvz5stb9v9cljhZ5Zas,0.335,0.47,1.0,-7.158,1.0,0.0343,0.36,0.0,0.114,0.186,155.912,215832.0,3.0
291,3UhmuWcFaLS3AO3kI9ynQ2,0.796,0.572,8.0,-7.03,0.0,0.0545,0.416,2.55e-05,0.0975,0.304,98.967,206061.0,4.0
292,4nyRXQQkM69kmaxiyCKMCr,0.806,0.501,9.0,-7.096,0.0,0.168,0.065,0.0,0.125,0.345,160.03,171000.0,4.0
293,6xWIuPEnPIODp4dCRsAd5I,0.542,0.795,4.0,-3.63,0.0,0.0368,0.00506,0.019,0.0851,0.431,92.234,227160.0,4.0
294,1uRKeDUiD4fDUEAjXbmYr6,0.408,0.563,9.0,-5.97,0.0,0.0375,0.0473,0.0,0.0781,0.558,118.565,185316.0,3.0
295,1F9kEuwT29fgqlovIclu81,0.517,0.848,10.0,-4.054,1.0,0.0521,0.00581,0.0,0.214,0.429,95.906,188779.0,4.0
296,7zVVkNOKWMd46nwMUgHPmL,0.854,0.481,0.0,-5.815,1.0,0.26,0.195,0.0,0.0918,0.685,92.029,173221.0,4.0
297,7DAjue1gikUgs3TaZlnXaJ,0.568,0.864,2.0,-5.393,1.0,0.0784,0.257,0.0,0.118,0.419,161.994,186478.0,4.0
298,1CuVhIZAAc8h360WoVJYhD,0.735,0.755,0.0,-4.786,1.0,0.0614,0.0887,0.0,0.438,0.655,127.978,156761.0,4.0
299,2gwirjNHYJPlBwOJ5Aftwv,0.515,0.454,4.0,-10.119,0.0,0.0306,0.836,0.0643,0.161,0.458,81.009,221218.0,1.0
300,4W4qZs533eOrovljbcrBq2,0.548,0.452,1.0,-8.236,1.0,0.0274,0.375,6.29e-05,0.118,0.458,149.879,195959.0,4.0
301,1dI3a24CXaNy9WY47cwJsJ,0.782,0.868,6.0,-2.632,0.0,0.0373,0.277,0.0,0.126,0.581,102.027,176959.0,4.0
302,4iGKPU8XBlsUoOoyvsFhLw,0.528,0.632,0.0,-6.894,0.0,0.0546,0.651,5.36e-06,0.139,0.752,185.934,157309.0,4.0
303,2xqIlhjJca28oHvDCXvZ6K,0.922,0.532,6.0,-9.641,0.0,0.317,0.152,0.0,0.0664,0.761,93.853,249715.0,4.0
304,2BYh9EMct3gdRy5UwN3hhS,0.712,0.62,2.0,-7.506,1.0,0.355,0.0567,0.0,0.198,0.869,93.93,218417.0,4.0
305,3Qrb34pY41bEv1UaFy9li9,0.726,0.765,6.0,-4.921,1.0,0.0409,0.00811,2.89e-05,0.105,0.488,120.018,191438.0,4.0
306,6V9ZUWYyx5ENnTQOq3amoG,0.685,0.902,4.0,-5.164,1.0,0.0483,0.181,3.72e-05,0.086,0.703,149.986,235527.0,4.0
307,6tsDG4hTQEIawELzyzh2Fx,0.667,0.379,8.0,-9.96,1.0,0.0579,0.535,0.0,0.135,0.774,137.971,195872.0,4.0
308,4tU1AdxASMXhdffDSwyN5S,0.678,0.676,9.0,-7.535,0.0,0.118,0.0456,0.000151,0.113,0.604,133.205,245280.0,4.0
309,06h2UnXLG2B0d3gRubMGNI,0.507,0.481,10.0,-8.423,1.0,0.0305,0.0968,0.000232,0.0641,0.586,85.052,199235.0,4.0
310,4vAReYtMpAAFK6cyTE8WkZ,0.707,0.6,7.0,-8.398,0.0,0.19,0.107,0.0,0.105,0.577,86.647,185144.0,5.0
311,7HsjoqtWgOWvo9eNj6fqU6,0.69,0.717,7.0,-7.405,1.0,0.0538,0.0665,0.0,0.26,0.455,127.998,195000.0,4.0
312,1MgtLXQns791g4fgZF9yRm,0.84,0.419,1.0,-12.011,1.0,0.404,0.491,0.0,0.109,0.71,95.099,115310.0,4.0
313,6ClWZ12bBTGXAUjSkvGZdj,0.927,0.611,1.0,-4.672,1.0,0.128,0.133,0.0,0.129,0.236,129.054,122791.0,4.0
314,0E24QsSHUNlfLopXtqw3qH,0.749,0.766,11.0,-7.524,0.0,0.388,0.0241,9.83e-05,0.746,0.774,150.294,179233.0,4.0
315,2aItJ1oeMxElBTGhGc2nGf,0.746,0.57,1.0,-7.631,1.0,0.0643,0.341,9.07e-05,0.235,0.911,128.02,172565.0,4.0
316,0y7vLhFzjiIDa7z5D9RChG,0.707,0.648,8.0,-10.27,1.0,0.112,0.0327,0.0,0.288,0.309,95.001,145684.0,4.0
317,5RdTT9trEnmVML9PlBqNKr,0.571,0.34,10.0,-16.194,1.0,0.0382,0.777,0.452,0.0874,0.0465,138.705,222981.0,4.0
318,5bQFAKQF1mhcPPThw97kjw,0.685,0.289,5.0,-11.739,0.0,0.0418,0.552,0.0,0.147,0.626,144.927,159253.0,4.0
319,2gCY88kKDnhR2gQ8p1SJ1Z,0.646,0.67,3.0,-8.178,0.0,0.285,0.169,9.11e-05,0.123,0.575,140.002,188647.0,4.0
320,54DCdjb9ttkCbuZQBxUEOO,0.427,0.754,6.0,-6.43,1.0,0.0326,0.0263,0.0,0.147,0.572,146.023,203000.0,4.0
321,0SBnvQaR2iN1EaP5azIJFC,0.564,0.469,8.0,-9.929,1.0,0.323,0.107,1.61e-06,0.0967,0.301,132.073,203702.0,4.0
322,2XruYLgVQP1cgTO4QpH8pJ,0.609,0.674,3.0,-7.152,0.0,0.217,0.146,8.47e-06,0.128,0.298,200.03,156750.0,4.0
323,69YWQXUtlAlir0zRcFrPyr,0.602,0.471,5.0,-9.615,1.0,0.0352,0.0875,9.05e-06,0.192,0.0992,130.141,156462.0,4.0
324,67ZwIUIM4se0mV5OT5ugsB,0.556,0.564,0.0,-11.479,0.0,0.0439,0.127,0.00132,0.0652,0.859,176.049,201818.0,4.0
325,7qerpqpDvRkw966BN1dZEb,0.664,0.52,5.0,-9.127,0.0,0.0872,0.0235,0.0174,0.467,0.541,137.512,140306.0,4.0
326,1q2nvCe8AQ8kgADezqN0JU,0.688,0.718,0.0,-9.289,1.0,0.0716,0.00747,0.000916,0.0754,0.726,154.957,224853.0,5.0
327,5cwCW4r6ybpSiHWMpMKHoJ,0.592,0.214,1.0,-13.468,1.0,0.115,0.936,1.62e-05,0.253,0.422,81.672,117037.0,4.0
328,0qktS5oAOq41cBL3E9vjLt,0.765,0.516,3.0,-7.734,0.0,0.0698,0.0916,0.0,0.248,0.716,155.036,141963.0,3.0
329,4etDHprcj7s27VzfpOkwXN,0.42,0.484,6.0,-8.809,0.0,0.341,0.286,0.0,0.105,0.227,65.365,164804.0,5.0
330,5jtqm1ZWbtyaUfhX9zc0ls,0.716,0.609,7.0,-7.289,0.0,0.0371,0.415,5.21e-05,0.151,0.466,127.924,229422.0,4.0
331,4UohOvkgmCt3p0PYOPnHjN,0.503,0.907,6.0,-4.968,1.0,0.0611,0.00207,0.00149,0.474,0.803,140.118,172714.0,4.0
332,3HLpSQhA0osh76KWWE21nh,0.757,0.704,0.0,-5.68,1.0,0.04,0.0691,0.000384,0.247,0.75,86.054,247674.0,4.0
333,3QzdAMMD35NCmyKFNSziSV,0.504,0.866,11.0,-4.855,0.0,0.0535,0.0271,0.0,0.326,0.374,134.003,180000.0,4.0
334,01u0jN7Mm23lMZt1NCPh27,0.663,0.582,6.0,-8.162,0.0,0.0977,0.256,0.0,0.103,0.397,97.003,154485.0,4.0
335,31o0rhlNWx5hPeNz8wmhlI,0.317,0.235,3.0,-12.215,1.0,0.0283,0.672,0.00332,0.092,0.0718,139.282,231851.0,4.0
336,4MKL1sm8VqknemVs2yjs4M,0.597,0.519,4.0,-11.464,0.0,0.0339,0.42,6.11e-06,0.0914,0.143,92.018,216789.0,4.0
337,7woqBCkLKMMrH3WcVdnkeA,0.822,0.428,6.0,-7.142,1.0,0.0544,0.0117,2.13e-06,0.104,0.555,110.978,187240.0,4.0
338,3TEXwHPk4nhQ9nugG57i8W,0.854,0.846,3.0,-3.762,0.0,0.0725,0.35,0.0,0.0996,0.835,143.02,152098.0,4.0
339,2J3TcdKkdU42R9zWqWi6LJ,0.782,0.672,0.0,-5.913,1.0,0.0337,0.153,0.0138,0.165,0.961,123.982,198629.0,4.0
340,3mDL5BWuaVwXFAhZMWp88E,0.841,0.441,2.0,-8.363,1.0,0.0882,0.0624,0.0101,0.139,0.428,102.995,189995.0,4.0
341,1ZX0LUTVpuh8YzbQe7WbvU,0.694,0.319,11.0,-16.541,1.0,0.465,0.512,4.83e-05,0.0988,0.614,82.107,187402.0,5.0
342,0TqOMBOKodVMnr1NgMwOt7,0.429,0.521,7.0,-8.402,1.0,0.033,0.462,6.44e-05,0.118,0.231,149.953,211420.0,4.0
343,6KvTwICgd0r2Ff8dqdbRLx,0.571,0.436,4.0,-8.572,1.0,0.0286,0.78,0.206,0.112,0.405,129.934,279683.0,4.0
344,6wOazYrDGLhMAhwU6RArlg,0.477,0.954,5.0,-2.4,0.0,0.0729,0.00387,2.39e-06,0.386,0.455,87.434,289274.0,4.0
345,1XaKH0AVTW3BOvUg8S9Dhh,0.648,0.519,0.0,-7.58,0.0,0.0281,0.752,0.0,0.17,0.374,133.99,211801.0,4.0
346,32qLwcEpoKeutWxwrJM4FX,0.762,0.704,8.0,-3.205,1.0,0.0509,0.174,0.0,0.157,0.827,100.055,196793.0,4.0
347,2EkWWvPdoJTyumBU0cD9xC,0.555,0.474,7.0,-7.828,1.0,0.0272,0.652,0.0,0.115,0.374,143.863,230539.0,4.0
348,6riw7EvS6amwDkv7RXsQAG,0.756,0.467,4.0,-9.064,1.0,0.115,0.746,0.0,0.115,0.239,128.898,168937.0,4.0
349,2Lwl5ElqC6Nq2CAwXxmsOE,0.586,0.549,2.0,-6.939,0.0,0.184,0.228,0.0,0.198,0.615,180.008,203364.0,4.0
350,2yQSlIvIfRD8pVcNbDhXNw,0.595,0.728,5.0,-4.919,0.0,0.0851,0.123,1.14e-06,0.104,0.427,166.098,190064.0,4.0
351,5mrfCdrtTSy7nlV7UHgk6y,0.62,0.49,10.0,-7.079,1.0,0.0235,0.783,0.0421,0.146,0.293,98.015,228159.0,4.0
352,2Q3ptXZUEID88dQOW7fgep,0.439,0.899,8.0,-5.163,1.0,0.0773,0.45,0.137,0.218,0.465,149.928,267118.0,4.0
353,69AvckyixY1AIGRYDZ1QnO,0.471,0.502,2.0,-6.357,1.0,0.0295,0.285,0.0,0.108,0.201,148.009,313282.0,4.0
354,3acJxYZVN65WsJkzq0TPY4,0.483,0.249,9.0,-10.557,1.0,0.0321,0.823,1.56e-06,0.108,0.28,81.916,290122.0,4.0
355,09hpKZJxqSY7x2eDZKIuvI,0.69,0.651,0.0,-7.653,0.0,0.0396,0.181,0.0,0.24,0.401,115.014,238956.0,4.0
356,7GVw2UGhVbBpq6fqiSlPUV,0.284,0.614,1.0,-5.023,0.0,0.0478,0.583,0.000106,0.11,0.215,132.951,353624.0,4.0
357,3c7CmJhbOACWMeVVshXFkX,0.705,0.802,9.0,-3.159,1.0,0.0363,0.0299,0.0,0.195,0.508,146.021,137260.0,4.0
358,2bLphDJvGyfjPbmxs7V4rX,0.403,0.436,0.0,-7.85,1.0,0.037,0.738,0.0,0.174,0.426,129.667,300216.0,4.0
359,7z6qHGEKxRtwtYym2epV7l,0.707,0.965,1.0,-0.736,1.0,0.105,0.15,1.38e-06,0.726,0.777,128.003,208271.0,4.0
360,5lKlB8jbHaijHx3bKI5Lgt,0.593,0.639,3.0,-8.206,1.0,0.0405,0.301,0.0,0.104,0.7,187.893,233576.0,4.0
361,20Fw8w7OnlLRAUMWBBXZHC,0.561,0.702,2.0,-1.768,1.0,0.0396,0.016,0.000198,0.0729,0.195,138.182,207488.0,4.0
362,4BA25bfAbJdL94X1ZkLUx6,0.616,0.54,10.0,-5.02,0.0,0.0298,0.268,0.0,0.0903,0.24,120.038,252106.0,4.0
363,1eoW6TJe2MRGyibkzZdRvg,0.9,0.591,11.0,-7.744,0.0,0.157,0.0347,0.0358,0.312,0.0691,100.024,182963.0,4.0
364,1LFDJayKmDC8eGnDHWbLjv,0.607,0.654,2.0,-5.915,1.0,0.0962,0.469,0.00047,0.085,0.294,93.473,250509.0,4.0
365,6LY0X62hygBthNXzbQmush,0.588,0.567,1.0,-6.69,1.0,0.0367,0.857,0.0,0.0527,0.506,160.086,206197.0,4.0
366,28QpCzFbTf09Jsj2zuz58t,0.468,0.753,4.0,-4.329,0.0,0.031,0.179,5.65e-06,0.148,0.18,155.929,250293.0,4.0
367,5E9Jryr9l7GQ5tmnxuzKSI,0.736,0.527,3.0,-7.355,1.0,0.0469,0.582,0.0,0.0616,0.524,131.981,194545.0,4.0
368,1nEVlxpBQk10hkgFhZLtFG,0.694,0.87,10.0,-3.946,0.0,0.0556,0.773,0.0,0.119,0.793,105.079,222946.0,4.0
369,7jGCkLoIXmYa3T8Dq3pAna,0.748,0.768,7.0,-4.703,0.0,0.0803,0.295,0.0,0.107,0.752,90.987,197379.0,4.0
370,2f3MzC30rkXQ098XbHFFNm,0.618,0.842,2.0,-4.873,1.0,0.0373,0.104,1.3e-05,0.108,0.575,95.981,267500.0,4.0
371,60f7Rnv4iHhxs3A6JlobeD,0.704,0.298,3.0,-11.3,1.0,0.0431,0.873,0.0,0.358,0.526,75.059,195239.0,4.0
372,600NJkBaNlS3OK9oldQdYZ,0.603,0.638,3.0,-6.047,1.0,0.0424,0.518,6.55e-05,0.249,0.369,112.159,313700.0,4.0
373,3LkITiONSVW8eWhruHhiDJ,0.588,0.724,2.0,-6.445,1.0,0.0994,0.0235,0.0,0.12,0.47,150.045,197334.0,4.0
374,3vTGQ95BGHlRIS0vWUSHou,0.635,0.308,11.0,-13.204,0.0,0.0475,0.145,9.62e-05,0.101,0.297,175.978,396161.0,4.0
375,4fJlSLYLiu5trFCMZdSQDC,0.665,0.654,9.0,-6.948,0.0,0.0725,0.00249,0.00119,0.109,0.736,149.969,232400.0,4.0
376,4jNKHduMMVmdPh19bNj9XD,0.581,0.717,10.0,-6.317,1.0,0.0334,0.279,0.00279,0.0652,0.493,127.996,263270.0,4.0
377,75QDxza3YsGW0Aihq1lIdj,0.921,0.875,8.0,-1.175,1.0,0.0992,0.118,0.0,0.378,0.943,114.023,168960.0,4.0
378,4lkbBBumrQF1SDhQkqs0Y3,0.701,0.748,8.0,-3.915,1.0,0.0422,0.696,9.95e-06,0.0817,0.85,80.502,193463.0,4.0
379,2hfeAtMrCUt0F9zlsRT9JJ,0.842,0.716,2.0,-3.946,1.0,0.448,0.00438,0.00352,0.0991,0.64,118.05,162466.0,4.0
380,7jVZ71GmvJo85idzeTudtZ,0.936,0.651,7.0,-4.684,1.0,0.0643,0.223,0.867,0.0833,0.553,125.05,122880.0,4.0
381,2B4nQ6yvVVBMqfgOrYtubb,0.709,0.595,0.0,-3.349,1.0,0.099,0.653,0.000253,0.134,0.747,174.004,178266.0,4.0
382,3iXzP5MqfZF3vXekc94arR,0.568,0.727,8.0,-3.89,1.0,0.0336,0.196,0.0,0.361,0.194,125.947,229198.0,4.0
383,5ZAaPI2Tu8E84BkBrvl7Nl,0.731,0.496,11.0,-8.54,1.0,0.388,0.195,0.0,0.0445,0.961,96.767,233196.0,4.0
384,1gpnjVCS2P9BPug3FvHpgW,0.524,0.19,2.0,-16.615,1.0,0.0493,0.616,0.0,0.249,0.563,118.518,183213.0,4.0
385,0cCWVQT9qwtvH3NcgDMMnG,0.832,0.476,3.0,-5.948,0.0,0.0765,0.0987,0.0,0.141,0.85,144.927,150069.0,4.0
386,2E6BB9DvlEltjJfjSJLzFS,0.881,0.753,9.0,-3.744,1.0,0.0745,0.228,0.000455,0.265,0.881,127.984,180808.0,4.0
387,1v1oIWf2Xgh54kIWuKsDf6,0.422,0.302,11.0,-9.214,1.0,0.0372,0.629,7.83e-05,0.104,0.123,114.089,248827.0,4.0
388,3tWgESYT99rMCsQCgj6Fdt,0.771,0.43,7.0,-12.41,1.0,0.462,0.428,0.0,0.281,0.424,97.957,279575.0,4.0
389,4i8Ux73oT960vQUnSom7xo,0.845,0.631,9.0,-9.567,1.0,0.217,0.456,2.13e-06,0.137,0.526,132.084,156373.0,4.0
390,1rzSPuqZ1SGGHyLB07LvuV,0.538,0.328,7.0,-11.294,1.0,0.0351,0.636,0.0006,0.299,0.208,124.014,286482.0,4.0
391,5zZt5BzzSrUXwytlRatvc2,0.353,0.539,0.0,-8.003,0.0,0.0283,0.326,0.00141,0.0964,0.176,104.966,260013.0,4.0
392,5nD5PVXUkIpv0WcwfNFrgS,0.593,0.263,7.0,-12.102,0.0,0.0384,0.918,1.04e-06,0.104,0.466,119.645,228095.0,4.0
393,3wPPWcVuinAU7dXcJXtCID,0.772,0.65,6.0,-5.202,0.0,0.0306,0.107,1.13e-06,0.0905,0.262,125.083,222200.0,4.0
394,1VmMYBQGnxt0QsRq70Abt7,0.681,0.265,6.0,-9.487,1.0,0.0384,0.846,0.00783,0.113,0.1,111.953,246528.0,4.0
395,5fFLotKS1286huYIMQHqz7,0.888,0.418,0.0,-9.812,1.0,0.0573,0.665,0.0,0.111,0.531,127.073,275906.0,4.0
396,6qEQuACZCNWf94T1WF4tLB,0.232,0.216,10.0,-10.674,1.0,0.0314,0.936,4.93e-06,0.246,0.432,94.268,157573.0,3.0
397,46mhusNJ9LRFtGQBPmsRLB,0.565,0.771,7.0,-4.505,0.0,0.107,0.588,0.0,0.219,0.743,175.779,180187.0,4.0
398,2c0QMztYu6PCfFrGLqHXIV,0.547,0.54,7.0,-5.746,1.0,0.0391,0.781,0.0,0.152,0.356,82.053,231585.0,4.0
399,6a5hBeGmbZp8Wac4HcbWjS,0.624,0.337,7.0,-9.974,1.0,0.0279,0.657,0.000355,0.0982,0.147,83.016,330401.0,4.0
400,0JKEP4dB1riE6l7Kq5kJm1,0.636,0.54,5.0,-11.697,1.0,0.0282,0.34,0.0221,0.109,0.325,130.057,267231.0,4.0
401,2kjPw7CcZwXHKkHiKVom6s,0.608,0.471,7.0,-5.709,0.0,0.0351,0.736,0.000614,0.389,0.0552,119.904,230060.0,4.0
402,4W67uBMHoaSzFCfL9nmWU6,0.753,0.767,0.0,-8.485,0.0,0.0594,0.227,0.0,0.0927,0.763,144.949,239707.0,4.0
403,4xalxj2hfKiU3Pws87fSeO,0.396,0.751,8.0,-7.551,0.0,0.049,0.5,0.0,0.159,0.749,85.019,177177.0,4.0
404,1CyYcBdukmFjFibDZaDlHc,0.648,0.543,0.0,-6.781,1.0,0.0399,0.143,0.0,0.187,0.382,119.926,201507.0,4.0
405,1MQ97OxIEAMm5BUHbS6yHv,0.642,0.561,11.0,-5.458,0.0,0.033,0.542,0.00058,0.315,0.403,89.933,226667.0,4.0
406,0ILLzffYNqZih4UcS4ZXIm,0.909,0.915,0.0,-4.088,1.0,0.0544,0.154,1.13e-06,0.235,0.641,124.047,193548.0,4.0
407,15RnIhIfrMQmJHgQBLXosc,0.532,0.278,2.0,-11.394,1.0,0.0364,0.134,0.0849,0.132,0.15,73.958,323291.0,4.0
408,161DnLWsx1i3u1JT05lzqU,0.523,0.606,1.0,-4.754,0.0,0.0301,0.512,0.0,0.106,0.065,145.837,217867.0,4.0
409,6oQIjHdLBgbw8wbSB7t3f4,0.888,0.245,7.0,-13.671,0.0,0.0951,0.675,3.54e-05,0.0791,0.513,105.004,166922.0,4.0
410,5jorYGG6XVjhyz1yj0CMv1,0.676,0.5,1.0,-7.516,0.0,0.329,0.608,6.6e-06,0.112,0.3,74.909,235648.0,4.0
411,5SUXc3Xe4GaWyDo45v6Lea,0.632,0.579,11.0,-8.352,1.0,0.0602,0.187,1.93e-06,0.101,0.503,155.984,233976.0,4.0
412,6Fbsn9471Xd0vVsMWwhePh,0.72,0.215,9.0,-12.569,0.0,0.0382,0.849,9.91e-06,0.0912,0.215,116.054,300000.0,4.0
413,7Lp26jug2gT9FRDIPkT5xq,0.72,0.479,2.0,-9.873,1.0,0.482,0.145,0.0,0.0666,0.396,131.034,191084.0,4.0
414,0O7O4sssbFxoNoB4QRGra1,0.565,0.563,10.0,-6.742,1.0,0.0496,0.741,0.0,0.226,0.319,147.905,296007.0,4.0
415,11Ymr6CyK8qRVtvfSBdPoX,0.647,0.273,9.0,-14.166,1.0,0.0372,0.772,0.00574,0.303,0.124,96.943,311151.0,3.0
416,11lfcenVcwQs5Y4xPgCZ28,0.922,0.514,7.0,-7.703,1.0,0.296,0.873,2.25e-06,0.1,0.535,113.935,249474.0,4.0
417,6TD5xfffOnYHliuF1wzL6U,0.418,0.382,3.0,-7.778,1.0,0.0319,0.786,1.38e-06,0.386,0.261,163.878,308689.0,4.0
418,55I2kxrBzP18wJNW7jiR4A,0.742,0.415,0.0,-6.489,1.0,0.461,0.792,0.0283,0.0909,0.724,74.947,130107.0,4.0
419,2qF1egtNOSgL0Wd6dpEEsC,0.777,0.427,1.0,-14.49,1.0,0.37,0.384,0.0,0.106,0.688,145.008,162000.0,4.0
420,0nW1Aes1arNyR1fzEKXS2m,0.647,0.9,1.0,-2.383,1.0,0.113,0.0237,0.0225,0.314,0.746,175.926,190493.0,4.0
421,5ZbUTr9cB9i9OqRKbzouOw,0.538,0.818,11.0,-3.535,1.0,0.0754,0.0521,0.0,0.0769,0.508,166.986,238922.0,4.0
422,7hyn8WlAXbfhyE84a74PTk,0.623,0.926,6.0,-4.058,1.0,0.0629,0.00379,0.0,0.145,0.548,127.98,253920.0,4.0
423,1uQrGFfOyDfrkF0O1YWY9A,0.525,0.967,0.0,-2.229,1.0,0.0868,0.0274,0.0,0.152,0.431,99.913,240000.0,4.0
424,2ZStgCWKBGrHsI6y7iStma,0.621,0.867,11.0,-4.561,0.0,0.123,0.0348,0.0,0.23,0.543,126.0,258716.0,4.0
425,6mpRgbaT1HC5UwbI3WEAzx,0.455,0.693,2.0,-4.629,1.0,0.0403,0.134,0.0,0.157,0.549,171.948,253953.0,4.0
426,4AeMiBN4i0CT20mrRi2fTe,0.741,0.318,1.0,-7.18,0.0,0.0547,0.18,0.000285,0.147,0.398,130.027,270667.0,4.0
427,1yi4qAnqrjF4SvEGdCseWg,0.563,0.819,11.0,-4.83,0.0,0.0992,0.0426,0.0,0.169,0.804,125.957,263136.0,4.0
428,6brnec7VcrIDvwiJrFKUB0,0.774,0.577,5.0,-4.107,0.0,0.0319,0.207,3.11e-05,0.0911,0.728,95.974,164062.0,4.0
429,6nnyFJklxomm23CbDwO7fb,0.495,0.577,11.0,-11.893,1.0,0.0466,0.131,3.98e-06,0.264,0.535,94.551,210699.0,4.0
430,2vjH6qrmEcwrvEQ5WGipUM,0.866,0.855,0.0,-7.512,1.0,0.142,0.301,0.000887,0.0734,0.718,130.101,183000.0,4.0
431,6tkSMR8bEIfEcJn7ybJtSP,0.642,0.587,10.0,-5.53,1.0,0.0268,0.293,0.0,0.0784,0.361,89.96,269547.0,4.0
432,2N2qxWPU60swo6fm1SnOgr,0.884,0.749,1.0,-6.019,1.0,0.133,0.0523,5.28e-05,0.139,0.859,87.479,184507.0,4.0
433,3uK2DpFeiiN488nhe1d6Oj,0.747,0.87,5.0,-6.099,1.0,0.0456,0.48,1.85e-05,0.392,0.833,99.988,212995.0,4.0
434,54mvZdgPuvumvWK0GXz7oo,0.383,0.944,1.0,-5.552,0.0,0.154,0.00105,9.64e-05,0.282,0.332,150.577,243333.0,4.0
435,21io128hHRHC6uehPSaiTJ,0.831,0.555,1.0,-9.378,1.0,0.0382,0.539,0.0,0.322,0.809,114.997,328080.0,4.0
436,6BnhDyXqw9v5eOuiflRoXa,0.488,0.96,6.0,-2.629,1.0,0.0654,0.189,0.000103,0.34,0.788,172.06,263253.0,4.0
437,5hVAQTNarrb3lmWqg9Ens4,0.622,0.475,0.0,-6.199,1.0,0.036,0.512,0.0,0.127,0.388,79.954,246000.0,4.0
438,1VVFJeC7AWaDcC6eCr3XqV,0.626,0.758,5.0,-4.643,0.0,0.0436,0.0152,0.0,0.14,0.821,130.047,254093.0,4.0
439,7bBzoMR7pIstistnPx4dnr,0.82,0.481,8.0,-8.156,1.0,0.0331,0.753,0.000279,0.0895,0.827,102.961,217629.0,4.0
440,7fru0rxutpi08K7Q112saF,0.787,0.718,8.0,-6.17,1.0,0.0395,0.00477,0.00107,0.0895,0.47,140.002,141934.0,4.0
441,3EucONkQ7sCKKJaaOFXiuW,0.76,0.693,8.0,-9.24,1.0,0.0334,0.0957,4.04e-05,0.0802,0.504,111.976,247594.0,4.0
442,3RpFwqdROrxJvHywpT1pJ4,0.534,0.842,5.0,-4.279,0.0,0.0567,0.00108,0.000321,0.117,0.342,153.946,244538.0,4.0
443,1Y5AY8A6hCJlLhQh12LrYC,0.551,0.995,4.0,1.618,1.0,0.0611,0.00103,0.56,0.414,0.356,143.693,287250.0,4.0
444,5AUqOlLEL6ZmJnsezOHGqd,0.794,0.752,8.0,-5.564,0.0,0.266,0.0886,2.72e-05,0.108,0.691,79.994,131789.0,4.0
445,5EL8EW4ygfWUvLa0pFZABd,0.559,0.879,5.0,-4.072,1.0,0.0371,0.0231,0.0,0.174,0.551,160.029,252307.0,4.0
446,5Kk3UOcmc6uHuFIf1yI7il,0.759,0.622,8.0,-8.956,1.0,0.039,0.419,0.138,0.0952,0.966,159.944,157999.0,4.0
447,5uUoa4W4pTnWecGNEFgZoq,0.684,0.427,1.0,-7.661,1.0,0.0331,0.5,0.0,0.122,0.366,129.68,285181.0,4.0
448,4B1P7IvjTZXaRJzhs5mvcw,0.596,0.576,9.0,-6.237,1.0,0.0989,0.724,0.0,0.134,0.692,128.711,705895.0,5.0
449,3U1TuSqHIubBA10cVP7Sk6,0.632,0.638,7.0,-6.731,1.0,0.0505,0.137,0.0,0.125,0.574,121.868,202667.0,3.0
450,1qJU6idiZ8vVw3xlLXAYVD,0.512,0.478,9.0,-5.096,1.0,0.0316,0.532,0.0,0.1,0.252,146.778,260737.0,4.0
451,2UZZtkoLOg7IHxeTAdPFvd,0.0783,0.206,2.0,-20.611,0.0,0.0337,0.864,0.838,0.179,0.0807,80.341,486840.0,5.0
452,0BYoWATcndOBcsCfKdTKRx,0.535,0.217,1.0,-10.603,1.0,0.0318,0.921,1.56e-05,0.105,0.313,131.981,185653.0,4.0
453,0PKAijroHpnEtdY20bkGdr,0.471,0.229,8.0,-6.504,1.0,0.0358,0.953,0.0,0.0909,0.358,68.41,137250.0,3.0
454,1wndP9blVyHOKqUJ4Wk2sH,0.331,0.339,6.0,-5.938,1.0,0.031,0.854,5.83e-06,0.0945,0.193,103.597,270037.0,4.0
455,19fNYe2jc2lxkJB1Mb4QLa,0.467,0.32,4.0,-7.946,0.0,0.0296,0.797,4.4e-06,0.0667,0.17,119.994,246750.0,4.0
456,30mxQ9sZ69O8KQREefZ0Cu,0.651,0.319,9.0,-7.656,1.0,0.0276,0.862,0.0,0.104,0.508,110.031,249273.0,4.0
457,1ZPVEo8RfmrEz8YAD5n6rW,0.588,0.311,8.0,-8.143,1.0,0.025,0.791,0.0,0.352,0.545,86.022,234204.0,4.0
458,6ICTnGsaokIDEYobnwuCjZ,0.587,0.121,7.0,-9.876,1.0,0.0344,0.939,6.82e-05,0.0817,0.219,78.094,247800.0,4.0
459,3UpHW2joNoKO2HfEv8Mchp,0.562,0.966,6.0,-2.225,1.0,0.0844,0.133,0.0,0.264,0.788,139.982,238578.0,4.0
460,7eAp42zD2PbKJMvHVcHHF8,0.546,0.508,7.0,-11.842,1.0,0.0258,0.14,0.0966,0.345,0.484,72.013,338000.0,4.0
461,39LLxExYz6ewLAcYrzQQyP,0.695,0.884,6.0,-2.278,0.0,0.0753,0.0561,0.0,0.213,0.914,103.014,203808.0,4.0
462,4rMNgxEwGWoPHIUcvB5BrB,0.574,0.824,2.0,-6.885,1.0,0.0463,0.359,0.0,0.0816,0.434,149.981,257848.0,4.0
463,1QbRZ4UAzySTZ82ZdxXA1a,0.538,0.386,8.0,-8.86,1.0,0.026,0.287,1.27e-06,0.243,0.177,134.131,258300.0,4.0
464,2zNTf9QTS3QQdhXVi3ASo5,0.616,0.311,11.0,-12.348,0.0,0.0294,0.6,0.000208,0.137,0.336,81.969,263737.0,4.0
465,4I7NXbQnVwCJaIdDYf4vSv,0.67,0.734,9.0,-4.613,1.0,0.0339,0.241,0.0,0.195,0.108,96.03,205000.0,4.0
466,49jtUqIATCsOAHA1utwAwG,0.79,0.141,4.0,-17.751,1.0,0.0757,0.805,0.0,0.0896,0.24,124.041,182509.0,4.0
467,2T9oAvwp6vE5z16YCkPAQG,0.834,0.82,11.0,-5.211,1.0,0.0807,0.121,4e-05,0.21,0.884,97.987,209524.0,4.0
468,72NnJdEsAgTlnguInmxveg,0.841,0.768,7.0,-4.116,0.0,0.116,0.0141,7.7e-05,0.355,0.633,98.025,172392.0,4.0
469,6eJByXrWWVrFK9nxmBZryt,0.85,0.957,9.0,-3.311,1.0,0.0756,0.588,1.24e-06,0.729,0.916,96.005,171694.0,4.0
470,0WBfW97hZ8dxDEi9dPSUQd,0.653,0.851,9.0,-4.128,1.0,0.232,0.503,0.00031,0.118,0.682,179.901,211917.0,4.0
471,5wFI6bHnr4bwwnQGnADRHG,0.844,0.771,9.0,-4.026,1.0,0.043,0.331,0.0,0.0893,0.829,94.028,206955.0,4.0
472,4Ys8jQvZOISzmp34BsImRf,0.617,0.821,9.0,-4.085,1.0,0.026,0.00999,0.494,0.426,0.581,106.0,128199.0,4.0
473,0pAdxHHViL8JbBkCN6nfvq,0.702,0.729,11.0,-3.65,1.0,0.289,0.108,0.0,0.338,0.882,170.04,209750.0,4.0
474,5gCVkvUDQPYQEKDYQ3meYa,0.603,0.989,8.0,0.57,1.0,0.164,0.0152,0.0,0.446,0.708,125.012,99814.0,4.0
475,0IoGNsi4R5eWzZ9QgavJGA,0.803,0.675,4.0,-6.415,0.0,0.0454,0.126,7.05e-05,0.124,0.581,105.016,206929.0,4.0
476,3fdanl6XTZn4Z235JzdMRX,0.713,0.755,11.0,-8.963,0.0,0.25,0.0206,7.89e-05,0.367,0.617,125.946,181280.0,4.0
477,1DYYfNYVCuaAYo7BodMlYJ,0.437,0.718,6.0,-9.913,0.0,0.435,0.299,0.0,0.0922,0.458,137.273,190986.0,4.0
478,7EepuUyPrVxsb8kTaczVjj,0.79,0.737,0.0,-4.674,1.0,0.107,0.0861,0.0,0.11,0.825,117.952,156747.0,4.0
479,1zv3Yv3FPxy8tAW16ot0PJ,0.551,0.722,6.0,-6.044,1.0,0.0376,0.022,0.0,0.101,0.74,142.857,169301.0,4.0
480,6OdYhjGmuXkqOP4nSiZP4w,0.475,0.702,5.0,-6.893,1.0,0.0391,0.0417,7.99e-05,0.115,0.363,143.972,210036.0,4.0
481,45YsHrDlx3HOZvGWPSLSlC,0.721,0.55,6.0,-8.7,0.0,0.0699,0.204,0.0,0.105,0.498,89.975,214000.0,4.0
482,4lb4uEBzS69zE1ifTXDlH0,0.528,0.42,0.0,-8.336,1.0,0.0613,0.196,0.0,0.106,0.291,180.529,191316.0,4.0
483,6CXk3OPrHeldFQgBMp2ZsA,0.781,0.919,6.0,-3.422,0.0,0.165,0.405,4.54e-06,0.0907,0.75,103.91,118269.0,4.0
484,5IygkAcBFouMFJDGliyhQY,0.711,0.616,5.0,-9.018,0.0,0.0386,0.0587,1.07e-05,0.29,0.401,109.967,178909.0,4.0
485,4FR7h2FF1iwnSDVeaFPMSn,0.669,0.721,6.0,-4.733,1.0,0.092,0.134,0.0,0.0742,0.701,90.008,178667.0,4.0
486,4O26BTWc2Kak8mvtiT6mR5,0.859,0.816,7.0,-6.772,1.0,0.0678,0.115,0.0684,0.097,0.68,124.017,166286.0,4.0
487,5ULlNOirzthOXg87J1mUYd,0.503,0.646,11.0,-9.107,1.0,0.105,0.323,3.86e-05,0.294,0.31,171.981,186977.0,4.0
488,6H7u4SOeNXzLVuBC2bxWj7,0.653,0.654,11.0,-9.581,1.0,0.0953,0.047,0.000384,0.1,0.63,171.937,232326.0,4.0
489,4eAlEsPFxtUjlKDpCbmivO,0.567,0.314,11.0,-9.833,1.0,0.0358,0.797,0.0,0.103,0.0856,139.531,160714.0,4.0
490,1JAeUJc5m7OP5ZM4mkLLZq,0.498,0.989,11.0,-9.578,0.0,0.0632,4.9e-05,0.871,0.151,0.474,138.003,339547.0,4.0
491,4I0lddw9TFthLdFgD6g0Gk,0.32,0.552,1.0,-7.018,1.0,0.0439,0.495,1.92e-06,0.112,0.145,82.839,210149.0,4.0
492,6zSFM4GeKvghTUTPAf3A7A,0.75,0.622,4.0,-6.113,0.0,0.169,0.445,0.0,0.0626,0.415,169.988,211030.0,4.0
493,3LTJZmpE5VsC0xD4cDbyrN,0.784,0.885,7.0,-8.279,1.0,0.0819,0.0829,0.688,0.0743,0.392,129.996,415385.0,4.0
494,1siULZf8vsfn0OwYEYqOgN,0.714,0.71,7.0,-6.728,1.0,0.0554,0.167,0.177,0.303,0.557,95.01,268208.0,4.0
495,77LrR9QVL1AIKhWz6tYcMV,0.675,0.783,4.0,-6.129,1.0,0.308,0.00584,1.14e-06,0.136,0.494,149.979,196895.0,4.0
496,5YgfjZvx6ehoJFWpuWGbez,0.809,0.505,1.0,-7.058,0.0,0.12,0.034,0.0258,0.117,0.501,98.108,160408.0,4.0
497,0pdgsAW4CkNV1rYyptH0WP,0.627,0.758,11.0,-7.309,0.0,0.0465,0.0378,0.661,0.304,0.618,132.094,265538.0,4.0
498,6U5epxbqn5VqpW5UkLpik6,0.521,0.597,9.0,-11.148,0.0,0.0619,0.232,0.019,0.0737,0.21,185.928,227097.0,4.0
499,1Ecy3CqWvexZ2GGi6XsnMu,0.774,0.521,0.0,-10.059,1.0,0.154,0.767,0.0,0.0853,0.42,99.997,192000.0,4.0
500,6LuphCuETeEYzetl2jeLqp,0.653,0.406,11.0,-12.335,1.0,0.0621,0.277,0.0,0.351,0.559,129.832,222000.0,4.0
501,1guOsc07DlDSSE9unMSUyh,0.622,0.67,4.0,-6.671,0.0,0.247,0.29,0.0,0.115,0.218,180.207,160000.0,4.0
502,3iQBNhorTKKuhCDKYX2J1q,0.59,0.795,9.0,-5.241,1.0,0.0411,0.0586,3.24e-06,0.122,0.334,122.061,177829.0,4.0
503,0AydTV0AtArnZrhmhFD3zg,0.749,0.618,1.0,-8.226,0.0,0.0407,0.0167,6.14e-06,0.11,0.332,106.986,154766.0,4.0
504,080Htk0FOJe5bij2Z7fwrm,0.606,0.802,8.0,-6.497,1.0,0.0306,0.234,0.0,0.0822,0.666,146.069,191206.0,4.0
505,4LJ60k09OGPg1PgG3jt6Kp,0.636,0.665,5.0,-7.472,0.0,0.0339,0.00687,6.68e-05,0.274,0.381,120.025,232667.0,4.0
506,2kFWrNN9PJ17VYsCiG1wS5,0.546,0.921,10.0,-8.038,0.0,0.047,0.00775,0.781,0.105,0.477,141.993,365723.0,4.0
507,27t4JURZ1Tv7a3zMfPneAw,0.756,0.268,1.0,-12.364,1.0,0.406,0.206,7.98e-05,0.051,0.477,172.163,141076.0,4.0
508,5NgHXu1HYcOFRcYpsrs6cT,0.811,0.806,1.0,-2.721,1.0,0.0496,0.176,0.0,0.128,0.713,96.049,185170.0,4.0
509,0qdcKORnomK1GVPwdTFfZp,0.76,0.259,1.0,-12.13,0.0,0.0533,0.42,0.0,0.113,0.64,144.009,170000.0,4.0
510,1sZ39ZxvFo8FyMz4s7iVlf,0.613,0.704,4.0,-7.626,0.0,0.0713,0.14,0.0,0.727,0.587,84.926,280895.0,4.0
511,10cA6m379GINGe7ZF6g3q1,0.783,0.681,11.0,-6.618,1.0,0.25,0.164,0.0,0.109,0.872,80.992,136806.0,4.0
512,0yaPPonJCksJvf6Tu2cZq0,0.872,0.692,1.0,-4.893,1.0,0.056,0.136,2.58e-06,0.195,0.751,102.08,170613.0,4.0
513,1Xm9G0H8dtDyRvcqlDvugI,0.416,0.179,10.0,-11.598,1.0,0.0348,0.935,7.34e-05,0.168,0.408,132.729,223627.0,4.0
514,44pBlSEASFjEdU3qEHhbFs,0.657,0.447,9.0,-9.299,0.0,0.087,0.701,0.924,0.198,0.537,184.315,86739.0,4.0
515,5qNh5WtzMbfpSj2jLlBkoD,0.634,0.285,9.0,-14.007,0.0,0.0807,0.937,0.000359,0.232,0.203,129.65,245897.0,4.0
516,2FOLGUgLtURF0wZc8vxqd7,0.523,0.415,11.0,-10.109,0.0,0.0266,0.24,0.236,0.148,0.404,147.949,246285.0,4.0
517,4FTGTibd0V8qZOTMwx7lG7,0.714,0.668,7.0,-7.848,1.0,0.0812,0.157,1.08e-05,0.0877,0.232,143.985,193371.0,4.0
518,6GCoKavQd5wOqScl5wVXOp,0.839,0.471,7.0,-9.136,1.0,0.0416,0.0685,0.128,0.0971,0.462,124.015,251613.0,4.0
519,3JhdCHaJZWnvIqFRHhQfCs,0.582,0.693,10.0,-5.522,0.0,0.135,0.125,1.38e-06,0.158,0.245,119.626,174125.0,4.0
520,16fcpqTCRdFkI15jyI5ePK,0.595,0.834,3.0,-3.549,0.0,0.153,0.353,0.0,0.372,0.867,140.595,153191.0,4.0
521,3MB1afOMzspYZUHF5cB0dq,0.705,0.559,2.0,-8.595,0.0,0.0424,0.567,0.0689,0.132,0.562,152.004,219671.0,4.0
522,4Qpa0WH8hUHtOJKSNPrGV7,0.801,0.633,4.0,-7.069,1.0,0.293,0.102,0.0,0.354,0.945,139.931,167143.0,4.0
523,3SRho3EnGMmpqeNRXwjkgg,0.713,0.585,1.0,-12.637,1.0,0.136,0.611,0.89,0.086,0.568,110.107,187731.0,4.0
524,2qa4plPe9puo6TUIP3uKWT,0.84,0.484,9.0,-7.605,1.0,0.336,0.189,0.0,0.266,0.657,140.01,240000.0,4.0
525,1YHjRAptXqPdsdx3g6FNJL,0.802,0.719,4.0,-4.271,0.0,0.0792,0.081,0.0,0.141,0.336,101.971,181919.0,4.0
526,4JjPEOCqAsLBZ9VJYfhxlX,0.632,0.837,4.0,-4.25,0.0,0.0314,0.00447,0.0,0.027,0.67,140.009,247217.0,4.0
527,4bnutybG1itDcpyoQo2Uoc,0.706,0.753,11.0,-4.988,1.0,0.0339,0.0143,0.000143,0.0919,0.855,98.028,180640.0,4.0
528,6w9aRQglMZxvxwdxyEWnCm,0.613,0.399,7.0,-7.381,1.0,0.0265,0.268,0.0,0.0869,0.176,145.879,304931.0,3.0
529,2knDuFWczh1Wv92eBAdPTa,0.743,0.601,11.0,-9.126,1.0,0.0615,0.336,2.37e-06,0.0902,0.445,82.009,176251.0,4.0
530,0TtgKq96j4bpE5UQUDXrwH,0.801,0.713,1.0,-8.268,1.0,0.0675,0.00164,0.928,0.33,0.0491,134.986,433971.0,4.0
531,4Qnv5g7aIcbDAkbRb169dV,0.868,0.673,1.0,-6.075,1.0,0.363,0.558,0.0,0.106,0.72,149.999,147200.0,4.0
532,2NZjHDEM4jtNgyfDTOWbK7,0.51,0.777,7.0,-10.39,1.0,0.0628,0.0247,0.000737,0.186,0.41,116.025,219733.0,4.0
533,0up477QX11ffSLneXa0xHA,0.534,0.535,4.0,-6.925,1.0,0.156,0.707,0.0,0.105,0.427,156.199,239478.0,3.0
534,7EougyUYWZdE1zCzsCA1Sx,0.486,0.462,1.0,-8.186,1.0,0.0653,0.541,0.0,0.0982,0.407,75.033,240955.0,4.0
535,31GEWTEfwsNDnA3LhQda3v,0.648,0.489,4.0,-6.074,1.0,0.0307,0.433,0.0,0.124,0.4,77.989,212446.0,4.0
536,06sDxr7MbbwFyTP1f6rvvl,0.497,0.454,10.0,-9.386,1.0,0.0303,0.543,0.0,0.0966,0.323,164.012,268536.0,4.0
537,0pnfuNHCpQC56xBuBXCqbT,0.711,0.725,1.0,-8.033,1.0,0.225,0.76,0.0,0.0972,0.261,153.939,257220.0,4.0
538,0uAW2j0sLBHVr3Gs9IGIqf,0.668,0.398,0.0,-6.971,1.0,0.0294,0.734,0.0,0.108,0.538,127.809,216000.0,4.0
539,0EMJPg5fNYn068xJgoOFME,0.655,0.598,5.0,-8.419,0.0,0.0385,0.141,0.0,0.319,0.617,146.034,243029.0,4.0
540,3fxNCwlNPWXSaQy2Z5WqrD,0.385,0.591,0.0,-8.365,1.0,0.0407,0.677,0.0,0.129,0.449,154.636,247806.0,4.0
541,4X76Z67l9ezYPn1ZN3EuK7,0.373,0.872,5.0,-7.074,1.0,0.0711,3.56e-05,0.892,0.235,0.263,132.05,337273.0,4.0
542,20dYdhOwY8nfGsVaIockAR,0.794,0.454,4.0,-7.848,1.0,0.0477,0.445,0.0,0.127,0.913,144.926,150298.0,4.0
543,0uCskQ9wUuLw72hcG7DFcZ,0.828,0.695,6.0,-7.866,0.0,0.129,0.0622,0.0,0.34,0.621,126.04,210094.0,4.0
544,4ssiqnnoxCHvRvnHZ7EieN,0.781,0.855,2.0,-4.368,1.0,0.0303,0.0946,4.61e-06,0.067,0.969,121.253,235520.0,4.0
545,5fnQ8JmPOzY4gsrtfe5PbK,0.656,0.857,0.0,-4.586,1.0,0.0962,0.0236,0.0,0.353,0.742,157.105,184033.0,4.0
546,5Mg4jtsrw6DVRXApAhQm7j,0.534,0.47,1.0,-7.688,1.0,0.0334,0.401,0.0,0.0918,0.326,78.974,243987.0,4.0
547,4C8sZv0hMqNffpWFKfHxFP,0.56,0.359,9.0,-10.869,1.0,0.0773,0.759,0.0,0.0998,0.428,163.815,226098.0,4.0
548,24mB1soS8zLHLG1GK9Hvjd,0.753,0.551,6.0,-8.21,0.0,0.097,0.687,5.22e-06,0.16,0.599,90.025,199333.0,4.0
549,4zYVhAyiJySa41foU2F645,0.594,0.344,6.0,-11.907,1.0,0.0372,0.61,0.0,0.0992,0.483,147.805,257320.0,4.0
550,2Mpuy9fsafkQxX3DSow9xw,0.534,0.677,2.0,-8.129,1.0,0.0333,0.644,5.72e-05,0.231,0.624,90.91,203094.0,4.0
551,3SM9id2FKxw6II0C5Ga1Es,0.725,0.822,8.0,-5.311,1.0,0.0544,0.0819,0.0,0.121,0.691,104.969,259000.0,4.0
552,4AoYnU8ckSUQnO7Ek0vy38,0.471,0.892,8.0,-5.818,0.0,0.128,0.107,0.0,0.114,0.209,124.991,305667.0,4.0
553,3iLKCRMxecPzGxLyjW85gk,0.491,0.547,11.0,-7.605,1.0,0.0285,0.402,0.0,0.126,0.544,143.125,259918.0,4.0
554,6taRClSqHXyd8IwDMyzPZR,0.634,0.904,10.0,-4.515,0.0,0.167,0.0129,0.0,0.0841,0.874,174.021,168966.0,4.0
555,1SvgBClOuipapA4pPgToDW,0.653,0.272,0.0,-12.412,1.0,0.035,0.32,0.0,0.305,0.367,123.729,225169.0,4.0
556,3Cdpq0qhrgiwPRkR720FZf,0.704,0.713,10.0,-7.573,1.0,0.187,0.646,0.0,0.0958,0.779,94.004,198500.0,4.0
557,5gE4HG83INsGkkJPkwQVjk,0.436,0.38,5.0,-8.471,1.0,0.0319,0.587,0.0,0.129,0.375,135.838,224697.0,4.0
558,57zvlzKV5nbFUNZfjyEweM,0.607,0.782,10.0,-7.376,1.0,0.0566,0.286,0.0,0.142,0.249,78.006,182865.0,4.0
559,1D1yUvHaleWGiwGODww5Bt,0.636,0.604,7.0,-7.49,1.0,0.0316,0.364,0.0,0.224,0.689,109.874,234288.0,4.0
560,3woa0ekqNnhx4etwchLZDk,0.657,0.35,8.0,-10.797,1.0,0.287,0.616,0.0,0.12,0.342,130.365,114461.0,4.0
561,40KZgKCIvRVIoZqv9lNBoP,0.521,0.268,7.0,-9.751,1.0,0.0338,0.866,0.0,0.1,0.444,90.472,285099.0,4.0
562,3I9kJ8QJnsGar9S0iV2YiM,0.782,0.888,9.0,-4.731,0.0,0.0767,0.449,0.000382,0.265,0.784,162.946,199332.0,4.0
563,29GfpfKba9AiYTwo30O494,0.915,0.647,3.0,-1.699,0.0,0.0643,0.596,1.31e-06,0.0786,0.896,130.032,160381.0,4.0
564,3nW0f94rw9LczMii8N8fww,0.951,0.703,7.0,-4.48,1.0,0.284,0.612,0.0,0.0833,0.912,129.962,174054.0,4.0
565,6eIZaT9qNz9lVrhWbJOWls,0.736,0.378,7.0,-10.472,0.0,0.182,0.206,0.000469,0.106,0.716,124.952,184500.0,4.0
566,4VBhrKEJ9nWzaiyhM5L9ic,0.801,0.448,7.0,-5.775,0.0,0.0351,0.712,0.0,0.166,0.686,132.095,137702.0,4.0
567,7hICqTvF8m3qTwhb2TRv0z,0.789,0.796,10.0,-10.96,0.0,0.04,0.0317,0.003,0.261,0.714,114.329,517147.0,4.0
568,2DaEaeLZtLaKiBhztTvQCY,0.668,0.661,2.0,-0.213,1.0,0.288,0.736,0.00076,0.0818,0.615,85.151,158825.0,5.0
569,1yf06WmcKRAq7jCxgYVHUt,0.946,0.977,4.0,2.67,0.0,0.176,0.665,0.000373,0.0405,0.322,130.098,221538.0,4.0
570,4wQUopWk9Ed7Ng5qpKN5qd,0.583,0.918,6.0,-3.612,1.0,0.0518,0.288,0.0,0.0701,0.836,164.081,172973.0,4.0
571,4DWKtQVURjepn8uzBgmwuv,0.882,0.419,7.0,-11.967,1.0,0.11,0.11,0.0,0.215,0.163,109.912,157088.0,4.0
572,5ZiFm8sWAKOImqyELd9Qqz,0.921,0.77,10.0,-7.191,0.0,0.111,0.00168,5.58e-06,0.122,0.197,127.001,195118.0,4.0
573,0f1xsopmPwjGv5lJooglnD,0.833,0.513,9.0,-8.308,0.0,0.0688,0.302,0.0,0.297,0.942,147.912,242778.0,4.0
574,6A6KCYsDAeR9XmXaCdIweC,0.944,0.639,9.0,-8.078,0.0,0.28,0.613,2.78e-05,0.0905,0.727,130.054,122769.0,4.0
575,2D0CiYAe6vVOaPBIVqtdlI,0.833,0.537,4.0,-9.877,0.0,0.256,0.0139,0.00106,0.084,0.417,160.112,230720.0,4.0
576,7frGdTrAxXpYbvsTsaySxJ,0.569,0.292,2.0,-7.965,0.0,0.204,0.621,2.38e-06,0.119,0.558,81.608,162461.0,5.0
577,6zsEKAZZulmsl1Qlw5G3EX,0.663,0.686,7.0,-7.321,1.0,0.0359,0.572,0.0,0.174,0.923,154.995,178737.0,4.0
578,5R9KPXQVeyqsHZoPLMgfNy,0.65,0.792,6.0,-3.825,0.0,0.0393,0.607,2.36e-05,0.92,0.872,154.027,225672.0,4.0
579,4llr8mcoauwrHBtjGb7F9S,0.75,0.668,0.0,-4.49,0.0,0.061,0.78,3.13e-06,0.338,0.786,94.998,159147.0,4.0
580,3nh8GzQjHwDOK29X3jpLO0,0.896,0.426,0.0,-8.202,1.0,0.353,0.0824,4.6e-05,0.121,0.586,121.987,260063.0,4.0
581,7IG7laqVpcvIIULrwWP5SA,0.852,0.62,6.0,-5.79,0.0,0.227,0.359,0.0,0.101,0.744,92.464,155676.0,4.0
582,2Z0ndOPDVXKENAVeQeced9,0.725,0.546,11.0,-5.217,0.0,0.0658,0.0639,7.25e-06,0.105,0.723,132.099,130914.0,4.0
583,1iCkf1LWDAc2HMZbtq3hd7,0.758,0.636,0.0,-7.276,0.0,0.0437,0.345,0.0,0.0365,0.958,150.038,158852.0,4.0
584,3GiY6uqCIFD8ufQ12ElSUZ,0.6,0.548,2.0,-6.046,1.0,0.503,0.624,0.0,0.11,0.71,85.275,295909.0,5.0
585,6HV630GY0GT3RN2efFRmbP,0.758,0.697,1.0,-4.103,1.0,0.0347,0.647,0.0,0.0887,0.81,94.98,171264.0,4.0
586,49QpcTWIP16YgGLmiPDvTI,0.857,0.805,9.0,-3.423,1.0,0.0682,0.307,0.0,0.297,0.734,130.047,156215.0,4.0
587,28us45t7BI3tfi3r1WaIgw,0.81,0.562,5.0,-7.764,0.0,0.12,0.254,0.0,0.254,0.667,120.016,160250.0,4.0
588,6QSc8c7gLPSpv80eoUzoZP,0.818,0.618,7.0,-3.534,1.0,0.418,0.00367,0.0,0.0748,0.53,131.564,168000.0,4.0
589,4dGJIcTQb05A0ZQgnvZm6k,0.775,0.755,5.0,-4.197,0.0,0.205,0.294,0.0,0.0574,0.689,105.698,432367.0,4.0
590,0MjgeOCthuozk51jsTJQvI,0.395,0.441,8.0,-9.488,1.0,0.0698,0.962,0.000531,0.417,0.34,78.8,152298.0,4.0
591,57eSbJs6jnZ1m3vW2n7XKk,0.595,0.681,6.0,-6.051,1.0,0.0393,0.556,0.000789,0.34,0.662,139.548,344002.0,4.0
592,6mregSY2XkzpmCEAZ908Zo,0.384,0.429,1.0,-11.847,0.0,0.0542,0.827,0.000215,0.424,0.302,102.712,113143.0,3.0
593,23wH7rAL86VrLnvuZt3Fbr,0.472,0.636,11.0,-7.575,1.0,0.0285,0.758,0.000227,0.418,0.294,97.73,343902.0,4.0
594,0HJ5Fo4iBViJhieUaYddZu,0.492,0.988,11.0,-1.239,0.0,0.163,0.00383,0.164,0.331,0.653,160.035,237173.0,4.0
595,4wUtptr1RLnHyTlkbUKutH,0.428,0.361,4.0,-8.53,1.0,0.0302,0.881,3.73e-06,0.0583,0.178,119.363,232807.0,1.0
596,5QVX2tGOF4w19BHtWPNpFu,0.712,0.867,4.0,-5.623,0.0,0.0581,0.0134,0.00939,0.196,0.544,126.005,156205.0,4.0
597,6zX9EuH7jN50Y5wj9vYyNv,0.536,0.421,0.0,-6.031,1.0,0.0465,0.0343,0.0092,0.096,0.664,188.219,214733.0,4.0
598,3QGtNcx26J7N0TzeCAidyN,0.302,0.347,11.0,-15.527,1.0,0.187,0.771,0.000163,0.354,0.35,180.464,130717.0,4.0
599,0zDIdtggZVwMw4ANbWCYdV,0.61,0.572,5.0,-8.107,0.0,0.287,0.266,0.0,0.144,0.292,84.823,184941.0,4.0
600,4P0DM28xIINYwPPY0O1i27,0.74,0.439,3.0,-7.892,0.0,0.0658,0.749,0.188,0.162,0.463,119.953,128412.0,4.0
601,6xMHl4rSpuHyG2O1t4bVub,0.755,0.331,5.0,-14.649,1.0,0.0452,0.602,0.921,0.14,0.535,119.988,130510.0,4.0
602,4iSWQ5Eadn5tZvvG9XNzYN,0.817,0.855,7.0,-3.282,0.0,0.244,0.318,0.0,0.0517,0.783,104.909,196973.0,4.0
603,392cXa8zAoEa0KjUid1FQZ,0.518,0.632,8.0,-6.019,0.0,0.0415,0.00223,0.611,0.169,0.0967,180.03,200000.0,4.0
604,3iYQtTFOrrCBhCY2gxFEsh,0.701,0.278,6.0,-13.571,0.0,0.0334,0.169,0.000262,0.111,0.116,134.935,184889.0,4.0
605,1SYOeS2Zi59MVcqMH0k2ft,0.726,0.404,1.0,-6.511,1.0,0.0912,0.864,0.223,0.107,0.196,119.808,113174.0,4.0
606,4q5K1BoKl9ymR4mK3883YX,0.847,0.624,8.0,-9.709,1.0,0.282,0.195,0.0,0.725,0.661,99.892,153000.0,4.0
607,5qhWIOZ6HztbHnsWNnkJTf,0.652,0.372,0.0,-8.823,0.0,0.035,0.832,2.86e-06,0.117,0.13,118.934,236579.0,4.0
608,4KL3FJYexPrPuMdPagHPXp,0.676,0.774,8.0,-3.988,1.0,0.0338,0.137,0.0,0.106,0.392,86.994,235413.0,4.0
609,5M0osd70WeG2LaAqvbe89r,0.908,0.73,1.0,-8.802,1.0,0.225,0.0441,6.55e-05,0.667,0.455,119.993,260000.0,4.0
610,3CVb6hkMrlF7eHhXi5B3PZ,0.889,0.705,11.0,-8.683,0.0,0.392,0.389,1.04e-05,0.0692,0.815,141.069,183830.0,4.0
611,1xk01NF8QFpjH8tAsNjjGy,0.545,0.532,10.0,-11.471,1.0,0.0523,0.766,0.00027,0.0983,0.369,163.959,277917.0,4.0
612,1c97hmN3Z064RQZTvCfM84,0.766,0.466,0.0,-8.036,1.0,0.0718,0.332,0.00378,0.379,0.839,145.003,157600.0,4.0
613,2TwGKgZ8wTdmMNIBChUcHx,0.539,0.145,2.0,-15.265,1.0,0.0461,0.825,0.0,0.108,0.419,77.051,194670.0,4.0
614,4psDGgIDekmdHp2Vm6PNjT,0.652,0.106,7.0,-16.073,1.0,0.039,0.942,0.0,0.0993,0.366,104.925,157714.0,4.0
615,1ZQoAkrJLpYNPVb5YCUJEW,0.445,0.28,10.0,-12.668,1.0,0.0275,0.819,1.29e-05,0.111,0.299,104.743,194286.0,4.0
616,04bU6UeryZnxHF3a61GhI3,0.787,0.924,1.0,-2.825,0.0,0.109,0.0576,0.303,0.305,0.801,100.014,85806.0,4.0
617,771Ht2lwiwuqxG0k43vgxi,0.909,0.421,11.0,-9.896,0.0,0.214,0.0909,0.0129,0.0714,0.585,90.061,98667.0,4.0
618,1UwsaPWcSPqhMbUSiYGCDP,0.767,0.692,3.0,-6.663,0.0,0.0398,0.13,0.0,0.0796,0.391,96.999,180619.0,4.0
619,4UQPuQP5NKZq4n5Janedgt,0.425,0.554,7.0,-10.262,1.0,0.0421,0.0141,0.00122,0.365,0.298,119.847,310911.0,4.0
620,1fSsfjF9ymfgNgLa8JlfCN,0.538,0.694,2.0,-6.895,1.0,0.388,0.0705,6.58e-06,0.0719,0.177,179.928,196834.0,4.0
621,6qXquKFh2YT14MRD5Z3dAH,0.641,0.258,9.0,-13.661,1.0,0.0451,0.72,0.897,0.299,0.321,151.983,226302.0,4.0
622,5bbAXfVAoe3Gl5vsQMs8Zf,0.906,0.907,7.0,-3.698,1.0,0.177,0.549,0.00024,0.0358,0.961,106.047,153962.0,4.0
623,49V9srxORkuBfT2iwabBdC,0.281,0.201,5.0,-20.468,0.0,0.0379,0.796,0.694,0.389,0.163,126.654,167428.0,4.0
624,6GPiZhAKD1DBr8b9Nt560J,0.386,0.338,7.0,-12.521,1.0,0.0747,0.965,0.00872,0.116,0.206,179.87,146667.0,4.0
625,0cmuNlPF1ZcyrKhnc6lnlM,0.677,0.722,11.0,-9.469,1.0,0.343,0.609,0.0,0.342,0.736,113.107,223687.0,4.0
626,10fRxrSPsjssMAzIo7mDvy,0.63,0.706,7.0,-8.394,1.0,0.13,0.0435,0.0,0.498,0.525,122.074,191614.0,4.0
627,1nGvEi078AozkJkwtaE3NV,0.436,0.813,7.0,-6.176,0.0,0.0435,0.0759,0.0,0.388,0.727,155.82,127995.0,3.0
628,1AJrznrjCng2wX8dy4LGXk,0.771,0.53,2.0,-11.731,1.0,0.526,0.391,0.0,0.115,0.501,143.115,285309.0,4.0
629,4z9inVEJzwLMPpdLhFjb51,0.851,0.389,2.0,-9.76,0.0,0.0923,0.409,0.000246,0.097,0.133,99.96,290000.0,4.0
630,1Qp77m1Ai0jnuD7ojdYzr9,0.535,0.995,4.0,-3.83,1.0,0.2,0.0554,0.0,0.366,0.71,133.023,192627.0,4.0
631,6u5f7X2vWaQFdez1UImzOf,0.78,0.719,8.0,-8.254,1.0,0.0547,0.363,0.0,0.0778,0.825,126.994,246142.0,4.0
632,4WhPkmqHZCtT32w3tRWy4c,0.726,0.728,8.0,-6.622,1.0,0.0359,0.0259,0.0,0.148,0.944,119.965,147500.0,4.0
633,12Kknh5NqqAukiyevjDQkT,0.941,0.467,10.0,-6.024,1.0,0.077,0.33,6.45e-05,0.529,0.49,128.96,139535.0,4.0
634,5axr5HmbZwBFHkc9mlU5aC,0.598,0.348,3.0,-12.785,0.0,0.0575,0.912,7.31e-05,0.0957,0.479,165.04,228840.0,4.0
635,7eX0bqDN8jewoTdeBulFDE,0.679,0.263,11.0,-15.997,0.0,0.0571,0.266,1.49e-05,0.124,0.38,159.618,204847.0,3.0
636,0AriSxYRoQelGrFEmS1BWm,0.717,0.872,6.0,-5.647,1.0,0.033,0.109,0.00156,0.344,0.886,122.012,179754.0,4.0
637,2GiTm3JELDl8D7MNlMRI9X,0.656,0.805,5.0,-7.323,1.0,0.126,0.0944,0.000877,0.0707,0.435,163.918,252893.0,4.0
638,2eppXfCeR7XaX7x2zkCBIw,0.885,0.437,10.0,-12.066,0.0,0.0431,0.0791,0.00113,0.164,0.637,108.048,215825.0,4.0
639,0J6WXcQ52yXn5tThiO1e1W,0.442,0.384,1.0,-10.223,1.0,0.0397,0.0102,6.51e-05,0.0831,0.0843,79.662,175556.0,4.0
640,4aPeeN8IYOCMNBGI0p7169,0.748,0.704,5.0,-4.512,0.0,0.0344,0.0741,0.0,0.088,0.823,110.028,284799.0,4.0
641,0imafUGTLCICf6HEhZU9Jg,0.851,0.767,11.0,-8.401,0.0,0.0296,0.0444,2.85e-05,0.114,0.919,110.966,247227.0,4.0
642,7ElfaDjFKXAlfscXU4rRXK,0.665,0.567,9.0,-5.662,0.0,0.0338,0.0656,0.0,0.269,0.274,118.965,169274.0,4.0
643,3vTq9AmdeZt7QVslH68LK8,0.69,0.771,11.0,-7.064,0.0,0.0262,0.403,0.0,0.25,0.926,131.946,180813.0,4.0
644,2pwj1MjlVgRbVcWjk3PEBd,0.737,0.71,7.0,-6.182,0.0,0.0929,0.171,0.0,0.146,0.922,97.98,213061.0,4.0
645,4JJcP0Rv9AgyPD6ZGaC8EE,0.89,0.701,0.0,-5.712,0.0,0.342,0.00306,3.06e-06,0.0895,0.505,80.462,225020.0,4.0
646,6i3e7v3Wclce3OJgYD5dy1,0.935,0.446,8.0,-10.472,1.0,0.329,0.0526,0.0,0.0575,0.511,96.01,173561.0,4.0
647,0njCMF5v4zYAtNe3tkaRSC,0.709,0.714,11.0,-3.821,0.0,0.0447,0.0943,0.0,0.101,0.671,103.897,202667.0,4.0
648,5AVPuxGEBlOaSsWDOh0OE7,0.774,0.872,1.0,-3.956,1.0,0.0757,0.247,0.0,0.0903,0.76,120.881,210773.0,4.0
649,6v4QuZeVN7Z3gq1goSRbfc,0.669,0.972,11.0,-2.158,0.0,0.0767,0.0841,0.0,0.0429,0.883,98.68,169427.0,4.0
650,7bqIGTUk7DV2YLHkra8F0o,0.746,0.675,6.0,-8.107,0.0,0.345,0.104,1.17e-06,0.157,0.291,125.036,115200.0,4.0
651,3FjZBgicqgvLsxs1u9632V,0.659,0.945,11.0,-1.55,0.0,0.107,0.00966,0.0,0.203,0.868,143.996,138267.0,4.0
652,1yeCMkw8RgwqhpTppdnSc1,0.531,0.558,0.0,-5.914,1.0,0.0442,0.798,0.0,0.0823,0.664,84.414,192813.0,4.0
653,2NK75gnjyi2WDbYXF71R83,0.602,0.394,4.0,-5.287,0.0,0.0273,0.773,0.0,0.0512,0.45,105.387,232550.0,3.0
654,1cZgIqwzRMD4jey5757crK,0.456,0.808,11.0,-5.864,0.0,0.0404,0.798,0.0,0.0663,0.879,160.004,203427.0,4.0
655,5fghgRsc8a3pSDXtjQ238F,0.906,0.626,5.0,-5.533,1.0,0.254,0.127,6.56e-06,0.0546,0.561,93.03,178064.0,4.0
656,4QjvtAQflFCsDqpqtNiBag,0.613,0.543,3.0,-7.842,1.0,0.0283,0.277,0.0,0.185,0.24,119.902,283400.0,4.0
657,2FSGUA0gFgGeQdprjtGM2M,0.635,0.706,5.0,-3.224,0.0,0.125,0.256,0.0,0.108,0.443,88.863,209160.0,4.0
658,0VdnMWbiPmjpNsPMQhj58P,0.726,0.798,9.0,-6.027,1.0,0.315,0.0135,0.0105,0.566,0.154,128.081,177187.0,4.0
659,0trAomQuEAHfBA19TPkQy1,0.968,0.699,0.0,-5.375,0.0,0.0721,0.179,0.0,0.35,0.956,110.056,153766.0,4.0
660,19N6uLVnJsa9FRPLI8VplX,0.352,0.332,2.0,-7.97,1.0,0.03,0.144,0.0,0.109,0.441,89.883,121301.0,4.0
661,6K0RF8Y1aQb42c3RPJNFyz,0.799,0.75,1.0,-5.026,0.0,0.0461,0.431,3.95e-05,0.179,0.723,98.03,214883.0,4.0
662,66S2z95FN3nUAr9S1gUIsp,0.852,0.593,6.0,-5.892,1.0,0.0702,0.386,0.168,0.154,0.87,90.002,221407.0,4.0
663,7jXw9LPDWtOJO4cycQ9Wh1,0.847,0.53,9.0,-7.416,1.0,0.107,0.591,0.0,0.091,0.835,123.024,183770.0,4.0
664,121uD1clN6btttnxb2K9Dt,0.657,0.872,8.0,-2.074,1.0,0.158,0.57,0.0,0.221,0.772,93.908,333008.0,4.0
665,1XiL9Lp1p9WfIAzuNR1uWD,0.543,0.566,6.0,-7.713,0.0,0.176,0.0514,0.0,0.104,0.662,92.025,281807.0,5.0
666,3NnehgHJ53JjEkDmy4DC65,0.709,0.674,10.0,-6.472,1.0,0.0381,0.367,0.000202,0.12,0.734,104.072,161538.0,4.0
667,6p1nVQXxuS3bI5jXxwZnnF,0.655,0.646,2.0,-7.913,1.0,0.0933,0.122,0.0793,0.107,0.278,89.918,130125.0,4.0
668,0ZRJvpLI8KCPYBY53isnNm,0.61,0.399,0.0,-11.686,0.0,0.0355,0.411,0.0384,0.0826,0.368,149.957,156595.0,4.0
669,14WP9aPMpre8L1u0RcRO5Q,0.617,0.557,5.0,-9.162,0.0,0.199,0.772,0.0,0.0775,0.654,174.09,221379.0,3.0
670,3SA5ziMeAS96eC9yFByChj,0.66,0.843,1.0,-10.018,1.0,0.0666,0.372,0.13,0.0346,0.874,80.02,121909.0,4.0
671,1m1RUXf2pARYhwNyaKd3ye,0.664,0.743,9.0,-5.553,0.0,0.227,0.273,0.0,0.0973,0.743,99.862,169863.0,4.0
672,3Bcp7WUGhMU0Zs0EwWd71f,0.543,0.447,0.0,-8.702,0.0,0.0402,0.918,0.0,0.141,0.677,158.027,201266.0,4.0
673,6c0gn40h3QvZLJSIV01tSx,0.472,0.441,8.0,-13.38,0.0,0.0438,0.535,0.0,0.0494,0.311,96.866,188808.0,4.0
674,10OU7eWlVd6U1nPAUoAlCv,0.689,0.86,5.0,-6.328,1.0,0.0512,0.198,0.000485,0.3,0.311,124.043,147097.0,4.0
675,3dHKqOyeyqNBMdlVD4CmJb,0.674,0.569,6.0,-9.753,0.0,0.29,0.0769,5.57e-06,0.11,0.474,101.349,226500.0,4.0
676,4pq8d4Nhxbr8lyYJePgMnG,0.82,0.653,6.0,-8.43,0.0,0.36,0.201,0.0,0.0603,0.799,149.971,116399.0,4.0
677,0LmBTAeJkoVntKjuUqCQHb,0.633,0.589,0.0,-7.082,1.0,0.218,0.297,0.0,0.127,0.357,92.115,185952.0,4.0
678,03dipnNAHOHTtJtv3EWlxW,0.881,0.538,11.0,-10.218,1.0,0.0979,0.231,0.058,0.0985,0.745,127.116,156857.0,4.0
679,2dVumdYZWK8giViUnBFWGO,0.64,0.245,4.0,-12.086,0.0,0.0355,0.81,1.39e-05,0.321,0.613,179.858,216714.0,4.0
680,360oH1CqXe9XXzbbi6hvyr,0.594,0.597,6.0,-6.084,1.0,0.165,0.105,0.000103,0.0748,0.639,201.906,197241.0,4.0
681,6BGv9jfDAk0rucTsw0L04S,0.912,0.557,1.0,-10.091,0.0,0.269,0.199,0.0,0.32,0.625,125.036,185280.0,4.0
682,5XPtHxYgGyhVPANn6NC1ht,0.923,0.608,10.0,-9.816,0.0,0.156,0.0438,0.00036,0.0686,0.325,120.02,160440.0,4.0
683,4sofJiicQwKsRo3S1vpt39,0.744,0.816,11.0,-3.933,1.0,0.0372,0.144,8.51e-06,0.0902,0.748,120.062,144000.0,4.0
684,2bcXFEJxYaQ1D3GRI4OM3Z,0.588,0.878,3.0,-5.081,0.0,0.057,0.0495,0.116,0.147,0.203,99.958,222197.0,4.0
685,7jtQIBanIiJOMS6RyCx6jZ,0.442,0.538,4.0,-8.55,0.0,0.0451,0.717,2.95e-05,0.09,0.139,122.758,244360.0,4.0
686,4tRUx2gflnuk7v0Uvic04X,0.832,0.658,0.0,-7.475,0.0,0.133,0.585,0.000467,0.144,0.407,93.009,201277.0,4.0
687,3Bh82a3e0tbj3nJgUeKqws,0.438,0.374,7.0,-9.275,1.0,0.0253,0.0365,0.0,0.167,0.254,149.87,184800.0,3.0
688,3c4cBEObUsLU8O5I2yQP3l,0.338,0.251,2.0,-14.544,1.0,0.0353,0.866,0.0324,0.11,0.0963,116.419,265738.0,4.0
689,4CdSVeRvrteDBAyHD4Cruc,0.835,0.33,11.0,-11.989,0.0,0.361,0.542,0.0,0.0617,0.596,92.023,298290.0,4.0
690,4FXKLGkXw4v5Kw3pEWCTYV,0.808,0.752,8.0,-3.618,0.0,0.0693,0.269,0.0,0.108,0.702,96.99,179555.0,4.0
691,5jYSfgej05fk3oMUeccGn3,0.513,0.528,1.0,-6.006,1.0,0.0344,0.58,0.0,0.0787,0.281,75.034,250972.0,4.0
692,1Adhz5VVDZxhojOLfQQUxa,0.5,0.694,6.0,-9.452,1.0,0.113,0.331,2.69e-06,0.659,0.232,131.006,183920.0,4.0
693,6amdbqfcqjV5waK2PzVq7a,0.703,0.777,6.0,-6.117,0.0,0.0474,0.0238,0.0,0.508,0.924,120.041,183893.0,4.0
694,05rHCH3FYWDd8OjNY7WitS,0.443,0.943,8.0,-5.732,0.0,0.359,0.0124,0.0551,0.307,0.818,179.998,185945.0,4.0
695,5hy9IDSgxrNnVhihqTXxNg,0.665,0.432,10.0,-12.644,0.0,0.0587,0.858,0.00318,0.148,0.319,113.955,217385.0,4.0
696,0ouq0JH0SaI1YG4AkuyGH3,0.709,0.581,9.0,-7.894,0.0,0.0694,0.883,0.00151,0.0941,0.383,85.019,214588.0,4.0
697,5Pv30HUjEWa0CGbfWkX4me,0.64,0.667,2.0,-13.354,1.0,0.104,0.0177,8.09e-05,0.0866,0.31,149.979,193097.0,4.0
698,0QEQhT1kUxAmoCtug66anM,0.543,0.374,0.0,-15.658,0.0,0.0305,0.909,0.00516,0.122,0.739,100.027,335996.0,4.0
699,19KNYtZF0xP7VCIItvGSJZ,0.793,0.578,5.0,-4.607,1.0,0.0478,0.495,0.0,0.136,0.673,109.949,219818.0,4.0
700,52h8p62Jx8KzQynM6heq7n,0.378,0.661,7.0,-6.221,0.0,0.0614,0.436,0.0,0.157,0.509,118.055,242155.0,4.0
701,4tM3ygBuSy0QzB0ihYZQcf,0.787,0.744,7.0,-4.783,0.0,0.0399,0.27,0.0,0.0623,0.877,144.083,205004.0,4.0
702,14XflgBXFaxeigAvhzGkIW,0.725,0.242,2.0,-13.404,1.0,0.0307,0.912,0.0,0.0922,0.381,106.913,207336.0,3.0
703,6wDeAm8G71bzYGFst3cufA,0.643,0.698,4.0,-5.488,1.0,0.0571,0.197,0.0,0.112,0.353,130.916,188702.0,4.0
704,0npGoOENjn7vVvIMmvWekQ,0.527,0.796,1.0,-5.111,0.0,0.062,0.017,0.0,0.0798,0.534,155.99,240107.0,4.0
705,6Ar9tAjyXKSrs7pbq0DkE7,0.626,0.514,7.0,-8.026,1.0,0.0273,0.366,0.0,0.0817,0.362,119.938,334000.0,4.0
706,44ymejne8Roi7uT4lhiwCR,0.594,0.709,9.0,-5.706,1.0,0.0382,0.0185,1.38e-06,0.18,0.406,179.877,231333.0,4.0
707,4YxaxRxi8lFZdAWS9nCmAn,0.556,0.579,7.0,-5.843,1.0,0.0251,0.503,0.0,0.11,0.391,159.885,238500.0,4.0
708,25a2Lu7yr7UiZjGhCsZBE0,0.749,0.567,10.0,-10.998,1.0,0.289,0.733,0.0,0.133,0.378,160.023,244330.0,4.0
709,1GcLstNhtKD1c60tPGxYcH,0.81,0.674,8.0,-4.598,1.0,0.0402,0.799,3.59e-05,0.537,0.756,108.046,219500.0,4.0
710,692Ch9apeq9cOvZ5FalzVB,0.584,0.471,10.0,-8.645,1.0,0.0771,0.28,7.4e-05,0.0933,0.435,77.801,259310.0,4.0
711,6dEQcKK1xUhjnIwHkAOUbv,0.677,0.0667,7.0,-23.158,1.0,0.0337,0.932,0.0,0.426,0.431,107.069,222198.0,3.0
712,2C1aztwxS4nJKIXz94Pmgs,0.533,0.584,4.0,-8.226,1.0,0.0618,0.611,9.19e-06,0.406,0.39,173.936,238621.0,4.0
713,0hDRd22AEP5tx9hramOcRB,0.554,0.158,2.0,-16.288,1.0,0.0286,0.975,0.000507,0.11,0.186,95.885,267500.0,3.0
714,1fYmLt7UkEud6lIglfAuZ2,0.87,0.476,0.0,-11.24,1.0,0.131,0.501,0.0,0.0837,0.678,89.963,205556.0,4.0
715,0gEewSHZqPiNQa9DqeeUXj,0.832,0.632,1.0,-6.982,1.0,0.0423,0.512,0.0,0.109,0.83,102.992,220794.0,4.0
716,6D91hntx7S5HRFfY8BMRii,0.481,0.512,7.0,-7.385,1.0,0.0275,0.636,0.000543,0.112,0.402,143.923,230539.0,4.0
717,19hYzzDNWtp8CiXu8bIxDA,0.677,0.47,5.0,-7.716,1.0,0.0269,0.523,0.78,0.0699,0.159,104.996,323120.0,4.0
718,154Jycdld9dX9rBLE6L3v4,0.591,0.665,6.0,-6.525,0.0,0.153,0.14,0.00103,0.382,0.694,118.195,216959.0,4.0
719,20jt4uUdAiHqdBVXceQP8M,0.727,0.457,2.0,-11.067,0.0,0.0712,0.602,0.0,0.191,0.283,119.747,176901.0,4.0
720,7zXa0myk5r5ex9QfXbjqhY,0.772,0.694,5.0,-8.482,0.0,0.273,0.11,0.0,0.103,0.211,95.048,174316.0,4.0
721,6YM4MHasgqZg5STe8ZmIpy,0.844,0.406,6.0,-6.828,0.0,0.0447,0.502,0.0,0.175,0.679,84.016,187260.0,4.0
722,0SUcdi5dePAVWmhyH3m5z8,0.536,0.354,2.0,-6.122,0.0,0.342,0.6,2.47e-06,0.0886,0.531,83.527,199020.0,4.0
723,5LE8xsgXORBCV70UKd7ywp,0.928,0.322,0.0,-10.334,0.0,0.0838,0.221,4.37e-06,0.115,0.468,109.999,245621.0,4.0
724,2J22VhebyLzDKDs6bvTETt,0.866,0.618,5.0,-4.486,1.0,0.0977,0.322,6.46e-05,0.115,0.829,110.98,211892.0,4.0
725,5YouRirMOJa3Vcn7MzyF7X,0.769,0.786,2.0,-5.377,1.0,0.0522,0.13,0.0,0.773,0.732,119.995,206587.0,4.0
726,3cysp2UU6xmV61ZlnQsa8s,0.554,0.371,7.0,-9.104,0.0,0.0361,0.853,0.0,0.0838,0.246,199.824,191813.0,3.0
727,6sH1FvX2nqd7ZFMeKyi0cs,0.599,0.523,0.0,-7.2,0.0,0.0279,0.553,3.63e-05,0.151,0.316,95.06,177991.0,4.0
728,4VhCyDkpZQaSlAJ6SJl11e,0.653,0.781,4.0,-8.789,0.0,0.0376,0.388,0.129,0.105,0.0715,109.972,283835.0,4.0
729,5iSJKYeE8ylxi4mvdqXewd,0.665,0.624,4.0,-8.978,0.0,0.0408,0.0779,0.00105,0.0783,0.0877,133.946,209552.0,4.0
730,2WDRZdUzRYiv3JkdaMXU9p,0.877,0.631,10.0,-6.716,0.0,0.0704,0.269,4.79e-05,0.0889,0.604,125.947,154286.0,4.0
731,5xOND4likl0W3TH2lgrp8J,0.469,0.711,0.0,-7.164,0.0,0.259,0.229,0.0,0.108,0.491,114.976,188348.0,4.0
732,611nlMA40SKg9gQ4pTVXT3,0.676,0.835,8.0,-4.382,0.0,0.044,0.00682,3.04e-05,0.081,0.8,104.987,193776.0,4.0
733,39EXZNMxb4RBHlRjnRaOKp,0.462,0.339,3.0,-7.943,1.0,0.025,0.495,8.15e-06,0.0893,0.149,92.106,214259.0,4.0
734,3ziNUEBZgjuM3jLFERTMUk,0.541,0.455,4.0,-6.907,1.0,0.0786,0.147,0.000665,0.117,0.48,106.882,177000.0,5.0
735,4Eefey3uN90Abhbr47zKmC,0.564,0.796,0.0,-3.698,1.0,0.0737,0.118,0.0,0.0938,0.241,95.946,221133.0,4.0
736,3UHPGOkUcE4hE7sqBF4Snt,0.499,0.709,10.0,-6.404,1.0,0.134,0.296,0.0,0.331,0.314,164.032,214621.0,4.0
737,0H4ugk6rhnXmTl47ayy9O5,0.65,0.827,8.0,-4.014,1.0,0.0599,0.0229,0.0,0.121,0.223,144.995,225668.0,4.0
738,0SJ7vFES0Lj6pnumh3DhCe,0.76,0.682,1.0,-6.441,1.0,0.0371,0.0616,0.0,0.118,0.372,120.008,197001.0,4.0
739,73ipE4lfZ53pvBbJPXkiEK,0.587,0.664,0.0,-8.63,1.0,0.0645,0.344,2.47e-05,0.324,0.453,99.8,275955.0,4.0
740,6wyr4ReB05D9sJB1Rsmcqo,0.826,0.817,2.0,-4.081,1.0,0.0921,0.00502,1.09e-05,0.294,0.168,97.053,235497.0,4.0
741,4saklk6nie3yiGePpBwUoc,0.746,0.765,6.0,-4.41,0.0,0.0993,0.0112,0.0,0.0936,0.737,114.044,199054.0,4.0
742,5Zlo5ZYjrr6DwQw1kBi5bA,0.504,0.869,9.0,-5.576,0.0,0.213,0.0254,0.0,0.0659,0.19,157.992,205833.0,4.0
743,6AZzs7g85UpFDJUTKwLzgo,0.832,0.699,1.0,-6.407,0.0,0.0482,0.604,0.0,0.188,0.698,110.05,124520.0,4.0
744,3iWRuqeYt3ezyPOSdVo9Hz,0.875,0.801,11.0,-8.041,0.0,0.0449,0.332,0.000287,0.0406,0.96,127.996,205636.0,4.0
745,0sRMA5RMTncLpfZ6Uk9Wi1,0.784,0.822,4.0,-1.385,0.0,0.195,0.203,0.0,0.143,0.671,97.964,168438.0,4.0
746,4Y0HYqCtlXqSCZp3C2UoaY,0.751,0.876,4.0,-3.838,0.0,0.17,0.173,0.0,0.278,0.629,98.037,213177.0,4.0
747,0htvkHTlXpui40I957NFUt,0.701,0.361,9.0,-11.158,0.0,0.15,0.423,0.0,0.0896,0.83,104.948,186500.0,4.0
748,2ViSWfhT0kvEulXA1HH7Wk,0.953,0.453,10.0,-7.197,1.0,0.07,0.0605,0.000159,0.625,0.0368,126.009,203810.0,4.0
749,3RLpfYSIQlW1YI6bIexpUy,0.8,0.848,3.0,0.14,0.0,0.0685,0.19,0.0,0.0781,0.797,109.975,249051.0,4.0
750,5zn9ZT7dKnRX5fnYvb3loq,0.895,0.796,10.0,-5.674,0.0,0.0445,0.212,0.000113,0.0344,0.933,105.996,199288.0,4.0
751,3bWGmpvHjK9GHt9JYXGWH8,0.598,0.401,7.0,-7.343,0.0,0.0497,0.842,0.000124,0.186,0.649,93.958,241381.0,4.0
752,5srxSzbtZ1t2mL4QfQafYx,0.702,0.943,4.0,-1.119,1.0,0.162,0.232,0.0,0.31,0.828,73.486,164898.0,4.0
753,6VaT4hvY4DvVFNx0apik5F,0.684,0.672,0.0,-6.842,0.0,0.107,0.686,0.00305,0.0768,0.931,176.032,226402.0,4.0
754,7hCq66je85uxFYq5zu97GX,0.849,0.792,8.0,-9.487,1.0,0.0705,0.0402,0.000396,0.042,0.691,110.033,194212.0,4.0
755,42nkGZLFa7PF2Hut7f7sxk,0.823,0.584,0.0,-8.176,0.0,0.0677,0.436,4.51e-06,0.16,0.284,134.997,188630.0,4.0
756,7MklY2GT9V5Lnd8ieXfFQ4,0.419,0.412,11.0,-11.738,0.0,0.0558,0.599,0.0483,0.0893,0.19,145.493,271984.0,4.0
757,0NAM1l5YnUEJvKqC8pZDF4,0.768,0.923,1.0,-1.684,1.0,0.0865,0.261,0.0,0.368,0.74,100.061,158546.0,4.0
758,1AZjgKOrI1MVwoDKYlZIdF,0.845,0.693,2.0,-7.713,0.0,0.0772,0.201,8.97e-05,0.219,0.613,101.995,171847.0,4.0
759,4GW1BcvFF9mdvmsIHmDgnG,0.827,0.697,9.0,-6.222,0.0,0.233,0.43,0.0,0.111,0.753,99.986,207551.0,4.0
760,1b4eTrznDOiLZX2oWisl2m,0.835,0.745,5.0,-6.272,1.0,0.0597,0.318,0.000121,0.106,0.929,126.066,230000.0,4.0
761,51xnMfHDC4pGAUKJzTc9Wr,0.634,0.845,8.0,-5.063,0.0,0.0696,0.0442,9.15e-06,0.178,0.621,124.048,229047.0,4.0
762,2pL1V75Sv9ZUTJuWrRcu0v,0.782,0.465,10.0,-9.78,0.0,0.0337,0.661,0.000302,0.195,0.674,120.027,253048.0,4.0
763,6uCkljvwbJnarlXGzqL7bA,0.787,0.656,7.0,-10.159,1.0,0.24,0.653,7.3e-05,0.104,0.44,150.019,160033.0,4.0
764,4szQkW1CDHqbRZGltXJdd3,0.729,0.589,3.0,-9.871,0.0,0.0483,0.0361,0.0,0.305,0.349,95.065,195133.0,4.0
765,0UKUfxIkDAMZz7hMdiVX3m,0.473,0.592,5.0,-6.859,1.0,0.138,0.0528,0.0,0.131,0.292,159.7,138573.0,4.0
766,43PGPuHIlVOc04jrZVh9L6,0.789,0.536,6.0,-6.862,1.0,0.242,0.41,0.0,0.129,0.437,81.039,165926.0,4.0
767,3dQasgX8yPD2OxGsEyvBWs,0.479,0.714,0.0,-7.045,0.0,0.385,0.439,1.29e-06,0.0619,0.629,169.9,187428.0,4.0
768,6bTn1ovliI0OkjUNkiMBJq,0.398,0.716,0.0,-5.254,1.0,0.0392,0.0764,0.0,0.0848,0.494,117.295,193429.0,4.0
769,0I1eFRytp4XRhLCjT6tZm7,0.247,0.438,5.0,-8.479,1.0,0.0358,0.0455,0.000871,0.111,0.39,185.716,198213.0,3.0
770,4J2HLNTxiVxxs6kWgTIN43,0.589,0.853,10.0,-5.14,1.0,0.0581,0.371,0.0,0.137,0.792,171.976,209712.0,4.0
771,5s5y1ePaldkSzo4vDeXRkG,0.775,0.295,4.0,-8.729,1.0,0.0401,0.502,1.55e-06,0.0989,0.648,127.99,213144.0,4.0
772,10fQGdT8AwQSo0ZbOyXeXe,0.868,0.455,5.0,-11.102,0.0,0.113,0.361,8.32e-06,0.289,0.946,118.662,175636.0,4.0
773,5jEUZSxLX8EbuhcXncEnDE,0.894,0.719,2.0,-11.74,0.0,0.0772,0.719,0.88,0.0854,0.934,92.994,149000.0,4.0
774,7v54bSMrvCg30CfrW0Giml,0.58,0.724,0.0,-4.155,0.0,0.115,0.626,0.0,0.318,0.703,190.03,230087.0,4.0
775,37SfCP2FHsom22BpPe2hiQ,0.749,0.374,6.0,-10.826,1.0,0.0468,0.715,5.75e-06,0.103,0.332,95.997,225922.0,4.0
776,7IxGLVXlJ5MtsAnwnyNXQU,0.57,0.325,2.0,-13.503,1.0,0.0427,0.841,0.0,0.114,0.15,149.983,246824.0,4.0
777,3qwkzBVBurC7X6zyO4g5UQ,0.701,0.545,7.0,-8.344,1.0,0.0424,0.251,0.0,0.149,0.281,132.158,213292.0,4.0
778,6XdHZr9iXdqc4Q76wtgbqr,0.872,0.52,0.0,-6.928,1.0,0.0618,0.715,0.0,0.0982,0.736,131.918,182810.0,4.0
779,07lMhgpMlwHXQgEs2pXmhg,0.746,0.884,10.0,-4.354,0.0,0.0677,0.0323,0.434,0.113,0.651,167.09,135988.0,4.0
780,66qOuPxn0XSg27YLKpdExn,0.773,0.405,1.0,-19.646,1.0,0.0582,0.0314,0.11,0.242,0.231,113.008,501002.0,4.0
781,4d1KlYbovwaUlpP5yjXvgL,0.427,0.453,8.0,-10.513,1.0,0.058,0.14,0.0,0.123,0.749,78.896,200000.0,4.0
782,3rj4UYvUttaCsXNEuEqAyy,0.832,0.687,1.0,-8.903,1.0,0.0605,0.00826,7.03e-05,0.0256,0.667,112.008,411429.0,4.0
783,4RZSQxWuovabz4QCWbFQh8,0.828,0.593,8.0,-13.373,1.0,0.0844,0.152,0.0188,0.0355,0.727,112.026,379286.0,4.0
784,5a167T7WTWaDc4pvSGJ3al,0.859,0.491,1.0,-11.097,0.0,0.0454,0.0868,0.644,0.301,0.46,110.999,315873.0,4.0
785,6KhSk0XaifZje1L3n2zUUq,0.615,0.759,11.0,-6.254,1.0,0.0402,0.3,0.127,0.405,0.196,129.936,132000.0,4.0
786,34m91Dl71iUdtLVr3qmIFE,0.845,0.452,6.0,-13.391,1.0,0.0543,0.226,7.74e-05,0.622,0.304,114.996,340886.0,4.0
787,32dzOvkFzmjEPjPidQRxU4,0.823,0.558,7.0,-12.22,0.0,0.0548,0.00262,0.000312,0.0794,0.4,113.009,518322.0,4.0
788,2p3qr3HQBgsjeE5rFobSDy,0.242,0.604,2.0,-6.788,1.0,0.0394,0.245,0.0,0.451,0.461,207.553,564423.0,3.0
789,3E2GaYRo0NLKLX3R00e5t8,0.476,0.451,5.0,-11.495,0.0,0.0572,0.789,0.559,0.0933,0.545,93.822,165187.0,4.0
790,4ckpR1gCb3PuoDAbEA9a66,0.852,0.547,3.0,-12.053,0.0,0.0528,0.132,0.00337,0.0364,0.496,113.012,441853.0,4.0
791,04C965GjVjZ5QkqpykklEB,0.461,0.677,4.0,-7.699,0.0,0.304,0.0856,0.0,0.106,0.165,135.951,232990.0,4.0
792,3iCc4j2qlTvUmsVAtjpx2H,0.613,0.772,6.0,-6.108,1.0,0.168,0.53,0.000153,0.109,0.794,172.501,300774.0,3.0
793,35PSC06MB5iwRCAiT5EHHh,0.831,0.828,10.0,-10.004,0.0,0.0619,0.00601,6.69e-05,0.0488,0.337,113.005,443899.0,4.0
794,2AX4m5yewzlDmzODLJ8Lcz,0.326,0.318,4.0,-9.895,1.0,0.0307,0.834,0.0,0.0857,0.11,95.431,405513.0,4.0
795,1goiRWxiG3GTlODrdDZ7NR,0.335,0.639,3.0,-6.598,1.0,0.0369,0.265,0.0,0.107,0.381,139.912,598995.0,4.0
796,6DbTFMOQARs5TDzKsMwYpn,0.651,0.901,2.0,-4.462,1.0,0.0788,0.0229,0.0,0.148,0.478,129.986,210000.0,4.0
797,7nnw3r5lVD8wDqAj1Yir1N,0.645,0.867,7.0,-3.739,1.0,0.207,0.00219,4.3e-06,0.17,0.358,122.199,168000.0,4.0
798,5ruzrDWcT0vuJIOMW7gMnW,0.593,0.749,5.0,-5.67,1.0,0.0475,0.0113,0.106,0.314,0.649,164.959,309053.0,4.0
799,2gFZxR3Fur5t6fUzKgo7Y9,0.673,0.459,6.0,-11.735,0.0,0.166,0.542,0.67,0.253,0.627,142.557,294400.0,3.0
800,48SdtsEKujibZPrd6UMfAr,0.459,0.684,10.0,-5.971,0.0,0.0881,0.285,0.0,0.425,0.605,175.728,222920.0,4.0
801,3jfZ9M23l0L7RxzYMTgBTv,0.682,0.9,9.0,-5.028,1.0,0.0874,0.0884,0.063,0.0685,0.937,100.721,179499.0,4.0
802,5KbTBSGUvgDg75gIVhUaAW,0.474,0.91,9.0,-10.431,0.0,0.0462,0.00498,0.859,0.476,0.745,93.01,122339.0,4.0
803,0B8yu7yLe1UsXv6gewHRv2,0.735,0.797,2.0,-5.328,1.0,0.0638,0.143,0.0,0.0823,0.471,105.765,167341.0,3.0
804,35rGCxanzxooL6R32BuMu6,0.699,0.743,7.0,-5.906,1.0,0.0588,0.133,0.0,0.538,0.711,87.515,245678.0,4.0
805,1EHUQesfVKwbthtNcpBi9g,0.655,0.469,0.0,-6.257,1.0,0.0292,0.173,0.0,0.0956,0.467,92.56,161385.0,4.0
806,5py3FJrHEuR67BjR7wm8uj,0.614,0.583,7.0,-10.012,1.0,0.523,0.526,0.0,0.718,0.794,79.04,242497.0,4.0
807,6ynErSDSlxqsxg0D3LJ8sK,0.769,0.871,10.0,-4.717,1.0,0.0286,0.266,1.24e-06,0.111,0.97,135.032,191333.0,4.0
808,6Et5KimMg3IXwD6lJPGmQw,0.76,0.674,7.0,-4.039,0.0,0.0636,0.396,3.54e-05,0.0977,0.735,172.024,202307.0,4.0
809,5RAIMjdrCEjpjaR5tBATXU,0.807,0.712,1.0,-5.757,1.0,0.1,0.532,2.37e-05,0.163,0.792,100.004,241659.0,4.0
810,1mauYRwbpoGQX6itP2FAJC,0.728,0.689,7.0,-5.718,1.0,0.0725,0.293,1.26e-05,0.109,0.431,170.089,197647.0,4.0
811,0VWLId2RwPCno9s1cJm2Vy,0.739,0.788,1.0,-5.198,1.0,0.0731,0.0513,0.0,0.282,0.473,175.996,324426.0,4.0
812,2p2Q23iaaPSEa1tI6TsCVX,0.795,0.655,7.0,-3.815,1.0,0.0422,0.076,1.76e-06,0.296,0.744,93.029,215891.0,4.0
813,42lpuSQmnLUM1ZXJVzIVOi,0.889,0.756,4.0,-4.23,1.0,0.056,0.132,0.0,0.0996,0.918,122.905,177255.0,4.0
814,3fTPnf1cNtC8k6nrT0j9wm,0.887,0.65,8.0,-6.805,0.0,0.262,0.0174,0.0105,0.0989,0.397,115.982,275878.0,4.0
815,2CdTLdDjwZdVcm0bresVWx,0.503,0.548,0.0,-7.564,0.0,0.164,0.0751,0.000234,0.145,0.441,94.036,228920.0,4.0
816,3VvA1wSxukMLsvXoXtlwWx,0.725,0.756,4.0,-5.013,1.0,0.0572,0.362,0.000685,0.103,0.828,100.07,186133.0,4.0
817,2KTCXvWUbqfiinbFe7PJKP,0.775,0.847,8.0,-4.602,0.0,0.351,0.143,0.0,0.107,0.806,104.817,224740.0,4.0
818,6f3Slt0GbA2bPZlz0aIFXN,0.798,0.62,8.0,-7.079,0.0,0.232,0.414,0.0192,0.112,0.235,120.031,164000.0,4.0
819,3YAnNBdk0uHyakXXzMbNJq,0.791,0.649,10.0,-2.312,1.0,0.276,0.0624,0.0,0.184,0.951,190.087,221749.0,4.0
820,3Xaiksu578RaSvmvq893dg,0.84,0.738,4.0,-2.341,0.0,0.0541,0.0708,0.000223,0.105,0.727,94.024,169000.0,4.0
821,1rgnBhdG2JDFTbYkYRZAku,0.825,0.593,6.0,-6.401,0.0,0.0988,0.688,0.000161,0.17,0.54,98.078,209755.0,4.0
822,2mM3gZ0BbPwPPMelbA8vgt,0.824,0.837,5.0,-4.603,1.0,0.107,0.573,1.66e-05,0.271,0.58,100.021,289933.0,4.0
823,6RV9pRLIQiXm3qTGeyQluf,0.788,0.789,0.0,-2.39,1.0,0.124,0.397,0.0,0.226,0.867,167.897,179005.0,4.0
824,5zNlrLpJFZt3RvRe9A0Hed,0.851,0.729,5.0,-5.046,1.0,0.0275,0.267,1.21e-06,0.197,0.973,106.011,191380.0,4.0
825,5ddFjrPG8NgQQ6xlOQIVd2,0.823,0.723,4.0,-4.778,0.0,0.229,0.311,0.00315,0.0998,0.505,83.97,198493.0,4.0
826,4R8BJggjosTswLxtkw8V7P,0.806,0.786,10.0,-3.831,0.0,0.0741,0.145,0.0,0.0935,0.58,91.973,309120.0,4.0
827,6UelLqGlWMcVH1E5c4H7lY,0.548,0.816,0.0,-4.209,1.0,0.0465,0.122,0.0,0.335,0.557,95.39,174000.0,4.0
828,4HYDUMY0xSpeBr0AMY9cUz,0.845,0.677,11.0,-4.798,0.0,0.136,0.269,0.000917,0.108,0.68,90.013,219048.0,4.0
829,4KnLltd5UNz4c085UAr5dR,0.747,0.824,0.0,-2.316,1.0,0.0738,0.0283,0.0,0.0792,0.628,166.005,167800.0,4.0
830,5agt9CgF8dTRXgNtn1zflm,0.746,0.778,8.0,-4.582,1.0,0.0696,0.147,1.52e-06,0.093,0.609,100.042,224761.0,4.0
831,51tMYALx6Lkrte41DoWIPq,0.77,0.759,2.0,-5.749,1.0,0.0535,0.0328,0.0276,0.145,0.372,90.782,159572.0,4.0
832,6RyuoOJXNzlVWpfC5xQyeI,0.673,0.752,11.0,-4.705,0.0,0.0567,0.214,1.53e-06,0.106,0.699,178.005,209320.0,4.0
833,72HFtaFWoKSjCBRnkaj6UC,0.577,0.671,1.0,-6.17,1.0,0.0341,0.205,0.0,0.0487,0.318,136.139,220125.0,4.0
834,28byuA9Tzp8fyWR60rpMIc,0.782,0.553,9.0,-8.946,0.0,0.145,0.0189,0.0,0.0682,0.577,88.052,224078.0,4.0
835,1stpIebSUBpnFLpmEzdWUL,0.595,0.814,7.0,-4.458,1.0,0.0649,0.0613,0.614,0.235,0.346,174.054,214781.0,4.0
836,5bz9gPxTpJNE89jdmjhGhi,0.36,0.373,7.0,-7.819,1.0,0.0296,0.639,0.0,0.0868,0.317,110.634,279073.0,3.0
837,3xHhuX4CsQmxSB5I1IOpFg,0.295,0.334,2.0,-17.024,0.0,0.0533,0.669,0.00014,0.101,0.26,97.375,64133.0,4.0
838,3FIb81xI76x7pGPbFbzZXu,0.429,0.683,8.0,-7.297,1.0,0.038,0.000823,0.00342,0.0801,0.0536,126.873,241890.0,4.0
839,2Z9ZHJdg9GapJTH8Ib2RNF,0.73,0.513,5.0,-9.001,1.0,0.109,0.00837,0.0287,0.0932,0.427,173.98,220031.0,4.0
840,3B11HLD8nKerFzXwMuszi1,0.639,0.692,1.0,-8.224,1.0,0.188,0.445,0.000796,0.0933,0.537,81.424,405733.0,4.0
841,5a8QUc4ubHJqQm7vzs2YhA,0.595,0.588,10.0,-11.313,1.0,0.0624,0.507,0.781,0.113,0.518,166.061,145634.0,4.0
842,4w7lBzX0EcDuy8tQLQvjC2,0.855,0.478,1.0,-8.698,1.0,0.107,0.0684,0.0,0.111,0.355,135.987,209118.0,4.0
843,727Z2S2mtNH46CbP9EWPwY,0.286,0.445,6.0,-8.087,1.0,0.0347,0.355,0.0,0.114,0.278,50.827,217352.0,4.0
844,3wbhMF8eqqLlpPM3VPDXrc,0.929,0.706,6.0,-4.137,0.0,0.244,0.0302,2.42e-06,0.0302,0.795,99.007,196364.0,4.0
845,1tVwKHwJ5OfNGIyAuM8HLL,0.779,0.726,8.0,-6.94,1.0,0.0317,0.0489,0.0,0.656,0.451,98.016,166818.0,4.0
846,6JbM5RM3wTghb8SV67avde,0.707,0.733,2.0,-7.335,0.0,0.0324,0.00317,4.59e-05,0.406,0.262,118.994,246802.0,4.0
847,0vVqyNDu2KRQqqzBbaD5KO,0.605,0.902,0.0,-3.862,1.0,0.253,0.164,0.0,0.0785,0.641,94.312,235480.0,4.0
848,7t86YtzrVP2wptfK0QmBkW,0.332,0.307,3.0,-9.443,0.0,0.0345,0.566,3.13e-05,0.0922,0.0929,104.134,179980.0,4.0
849,0ggal2fI5xr8gtOVIhLKke,0.896,0.617,1.0,-4.768,1.0,0.422,0.046,0.0,0.721,0.213,128.022,237240.0,4.0
850,3VEvsFY82950YaqNz2vvyr,0.716,0.572,9.0,-5.095,0.0,0.0391,0.799,1.84e-06,0.0793,0.64,113.797,185942.0,4.0
851,4RQpKdmRVAjNXjqZo2OWoW,0.64,0.476,7.0,-7.713,1.0,0.0274,0.174,0.0,0.115,0.49,107.703,228507.0,4.0
852,5wANPM4fQCJwkGd4rN57mH,0.561,0.431,10.0,-8.81,1.0,0.0578,0.768,1.42e-05,0.106,0.137,143.875,242013.0,4.0
853,4cV6ld7uIs906zOwNscoBM,0.525,0.505,7.0,-4.199,1.0,0.032,0.538,0.0,0.101,0.79,179.968,191947.0,4.0
854,0akyEssGRVHstqCSWXusJL,0.83,0.159,1.0,-14.461,1.0,0.0383,0.946,2.02e-05,0.362,0.189,104.95,207400.0,4.0
855,7dT9D6117e5DbhnKxDLNW9,0.544,0.216,7.0,-17.237,1.0,0.0402,0.922,0.311,0.112,0.145,75.004,235471.0,4.0
856,2TzkIzgzIHhewMxyh1u4hh,0.675,0.16,0.0,-11.667,1.0,0.0586,0.985,0.00688,0.164,0.247,69.754,179094.0,4.0
857,6MCjmGYlw6mQVWRFVgBRvB,0.663,0.871,8.0,-5.287,1.0,0.03,0.00299,1.8e-06,0.337,0.826,130.025,258840.0,4.0
858,6WGTfHSQtUcEx5vgpxTLCs,0.877,0.529,0.0,-6.235,0.0,0.0461,0.479,0.00159,0.094,0.422,104.984,281120.0,4.0
859,3ppzEzYnSKIBZ2tndbmOLp,0.505,0.207,7.0,-12.4,0.0,0.032,0.963,0.0122,0.103,0.323,109.708,144215.0,4.0
860,5LI2snLaWMSNxdTVsA6iiK,0.463,0.874,0.0,-3.643,1.0,0.0566,0.237,0.0,0.605,0.904,187.918,193827.0,4.0
861,6vhOyWiOnO7EzxnXBllmkQ,0.783,0.557,1.0,-8.599,1.0,0.0275,0.641,0.0506,0.116,0.368,108.012,192893.0,4.0
862,0Y25e7839IQ9CR5Fn1RAFy,0.53,0.716,6.0,-7.468,0.0,0.524,0.243,5.47e-05,0.0665,0.275,67.212,197000.0,4.0
863,2B3Z1u2dbQl3AaQsYF4BQi,0.851,0.585,1.0,-6.251,1.0,0.278,0.159,0.0,0.0994,0.563,90.002,175000.0,4.0
864,7hjWFO88DN3FroDMRIcehn,0.536,0.559,0.0,-6.826,1.0,0.0501,0.00135,0.016,0.132,0.0964,85.971,194384.0,4.0
865,2LowwiemmGMzzNSH1PJprK,0.737,0.731,10.0,-3.193,0.0,0.0706,0.241,0.0,0.087,0.761,94.999,230693.0,4.0
866,4YAgH8s0JFfwikTNwe0aIk,0.748,0.961,8.0,-6.518,0.0,0.0875,0.00512,0.0,0.175,0.856,116.037,228759.0,4.0
867,5Qg0xK4s85tINbQcJD3GDq,0.241,0.536,7.0,-8.88,1.0,0.0432,0.0948,0.0107,0.296,0.229,142.129,112607.0,4.0
868,2yAr91sJO2OQinZLghgnzr,0.499,0.394,9.0,-10.202,0.0,0.0261,0.0149,0.901,0.309,0.0812,80.466,90540.0,4.0
869,1UBp6NPWRYWEqvRtFwIvZO,0.364,0.849,11.0,-3.562,0.0,0.355,0.0237,0.0,0.0615,0.326,179.592,277970.0,4.0
870,5eXlvP0dxI3Xo2ngmNoj9X,0.539,0.751,8.0,-3.889,0.0,0.225,0.000833,1.05e-05,0.158,0.429,94.6,149525.0,4.0
871,0pYacDCZuRhcrwGUA5nTBe,0.676,0.869,1.0,-1.573,1.0,0.0423,0.115,0.0,0.132,0.594,120.029,167573.0,4.0
872,3i8GllbdGuwIXaVrlIoE0r,0.739,0.725,1.0,-5.741,1.0,0.084,0.149,0.0,0.0793,0.136,118.994,182172.0,4.0
873,5E436xsqi5Ak5KOqiesx0n,0.605,0.64,8.0,-7.076,0.0,0.0807,0.769,0.0,0.229,0.468,93.891,232411.0,4.0
874,39emdsWDNJGcJdgCNpbWO4,0.499,0.971,7.0,-0.951,0.0,0.278,0.0367,0.0,0.382,0.714,102.006,237680.0,4.0
875,1ZoQVu9XBssJBdeKMgF2eV,0.55,0.732,0.0,-6.88,1.0,0.105,0.0864,0.0,0.0425,0.246,153.836,138205.0,4.0
876,249gnXrbfmV8NG6jTEMSwD,0.566,0.716,1.0,-5.733,1.0,0.0424,0.00691,0.0,0.37,0.45,81.068,207481.0,4.0
877,53TJ0kEY9f6IwTPxn9C4w1,0.773,0.678,9.0,-7.609,1.0,0.156,0.563,0.00174,0.137,0.661,117.954,182100.0,4.0
878,2FVpOsjT1iquZ3SpCjZ9Ne,0.787,0.669,5.0,-4.333,0.0,0.0428,0.00782,0.0,0.123,0.57,104.994,202313.0,4.0
879,5qJF3xMbNjsPuqQDRkfUl1,0.56,0.735,0.0,-6.344,1.0,0.0638,0.0181,8.54e-06,0.0571,0.27,148.026,292079.0,4.0
880,27ZWceiCHYP1SVPDn05OO9,0.715,0.901,2.0,-3.534,1.0,0.0634,0.00417,0.0,0.0546,0.829,101.023,192600.0,4.0
881,4dF0mDPTlpjThf1mJyK83B,0.447,0.263,5.0,-13.754,0.0,0.0342,0.828,0.0049,0.118,0.0721,147.161,208937.0,4.0
882,5QEqzFV7R8KSSCJa37tfvs,0.683,0.699,8.0,-4.519,0.0,0.218,0.252,0.0,0.218,0.315,160.102,169191.0,4.0
883,5BUl0EBl4tOmPtT9IN0UUP,0.623,0.346,2.0,-9.881,0.0,0.0682,0.896,0.0,0.116,0.185,84.621,169186.0,5.0
884,11ZulcYY4lowvcQm4oe3VJ,0.964,0.398,11.0,-8.981,0.0,0.0795,0.00151,3.95e-05,0.101,0.563,105.012,178405.0,4.0
885,3HqQpSTLHJRKDhulVacRFb,0.761,0.821,8.0,-5.238,1.0,0.202,0.185,0.0,0.0692,0.388,108.13,125879.0,4.0
886,7toCqux0Ln42OttYYyds4k,0.831,0.457,5.0,-8.844,1.0,0.125,0.468,0.546,0.126,0.559,127.99,158106.0,4.0
887,3S2XkZJH5P3AqYk8ChYsWB,0.726,0.78,11.0,-6.312,0.0,0.0414,0.137,0.914,0.0985,0.0742,119.991,242016.0,4.0
